solid tower_collision
  facet normal 0.997315 -0.073226 -0.000025
    outer loop
      vertex -1.117103 0.005517 -16.800340
      vertex -1.115914 0.021699 -16.765840
      vertex -1.117655 -0.002018 -16.748540
    endloop
  endfacet
  facet normal 0.699435 -0.147040 -0.699407
    outer loop
      vertex -1.020969 1.142201 -16.841510
      vertex -0.898339 2.286421 -16.959430
      vertex -0.856360 2.286421 -16.917450
    endloop
  endfacet
  facet normal 0.702272 -0.116407 -0.702327
    outer loop
      vertex -1.020969 1.142201 -16.841510
      vertex -1.067241 -0.002018 -16.698130
      vertex -1.117655 -0.002018 -16.748540
    endloop
  endfacet
  facet normal -0.702341 -0.115565 -0.702397
    outer loop
      vertex 1.359237 1.147163 -16.793010
      vertex 1.503852 -0.002018 -16.748540
      vertex 1.453438 -0.002018 -16.698130
    endloop
  endfacet
  facet normal -0.997315 0.073226 -0.000025
    outer loop
      vertex -1.117103 0.005517 -19.217430
      vertex -1.115914 0.021699 -19.251930
      vertex -1.117655 -0.002018 -19.269230
    endloop
  endfacet
  facet normal -0.993896 0.108550 0.019703
    outer loop
      vertex -0.901041 2.263578 -16.969880
      vertex -1.020969 1.142201 -16.841510
      vertex -0.898339 2.286421 -16.959430
    endloop
  endfacet
  facet normal -0.996188 0.085553 0.017038
    outer loop
      vertex -1.023153 1.119358 -16.853920
      vertex -1.115914 0.021699 -16.765840
      vertex -1.117655 -0.002018 -16.748540
    endloop
  endfacet
  facet normal 0.996171 -0.085616 -0.017721
    outer loop
      vertex -1.023153 1.119358 -16.853920
      vertex -1.020969 1.142201 -16.841510
      vertex -1.117655 -0.002018 -16.748540
    endloop
  endfacet
  facet normal -0.702272 0.116407 -0.702327
    outer loop
      vertex -1.020969 1.142201 -19.176260
      vertex -1.067241 -0.002018 -19.319640
      vertex -1.117655 -0.002018 -19.269230
    endloop
  endfacet
  facet normal 0.702387 0.115006 -0.702443
    outer loop
      vertex 1.453438 -0.002018 -19.319640
      vertex 1.361632 1.137520 -19.224870
      vertex 1.503852 -0.002018 -19.269230
    endloop
  endfacet
  facet normal -0.015062 -0.084075 0.996346
    outer loop
      vertex 1.453438 -0.002018 -19.319640
      vertex 1.361632 1.137520 -19.224870
      vertex 1.436148 0.021699 -19.317900
    endloop
  endfacet
  facet normal 0.709034 0.177284 -0.682526
    outer loop
      vertex 1.135961 3.430641 -18.915480
      vertex 1.285258 2.289083 -19.056900
      vertex 1.243906 2.283801 -19.101230
    endloop
  endfacet
  facet normal -0.014168 -0.083428 -0.996413
    outer loop
      vertex 1.436148 0.021699 -16.699870
      vertex 1.359237 1.147163 -16.793010
      vertex 1.453438 -0.002018 -16.698130
    endloop
  endfacet
  facet normal 0.982998 -0.183619 0.000054
    outer loop
      vertex -0.373374 5.726615 -18.531410
      vertex -0.374780 5.719080 -18.554920
      vertex -0.370351 5.742797 -18.543940
    endloop
  endfacet
  facet normal -0.000892 0.106662 0.994295
    outer loop
      vertex -0.845905 2.263578 -16.914750
      vertex -0.957626 1.165919 -16.797100
      vertex 1.359237 1.147163 -16.793010
    endloop
  endfacet
  facet normal 0.995414 -0.095665 -0.000026
    outer loop
      vertex -1.018690 1.165919 -16.858160
      vertex -1.020969 1.142201 -16.841510
      vertex -1.020246 1.149737 -16.889680
    endloop
  endfacet
  facet normal 0.993937 -0.108402 -0.018372
    outer loop
      vertex -1.018690 1.165919 -16.858160
      vertex -0.901041 2.263578 -16.969880
      vertex -1.020969 1.142201 -16.841510
    endloop
  endfacet
  facet normal 0.996188 -0.085553 0.017038
    outer loop
      vertex -1.023153 1.119358 -19.163850
      vertex -1.115914 0.021699 -19.251930
      vertex -1.117655 -0.002018 -19.269230
    endloop
  endfacet
  facet normal -0.996171 0.085616 -0.017721
    outer loop
      vertex -1.023153 1.119358 -19.163850
      vertex -1.020969 1.142201 -19.176260
      vertex -1.117655 -0.002018 -19.269230
    endloop
  endfacet
  facet normal 0.702786 0.147249 -0.695995
    outer loop
      vertex 1.408979 1.147167 -19.175020
      vertex 1.361632 1.137520 -19.224870
      vertex 1.243906 2.283801 -19.101230
    endloop
  endfacet
  facet normal -0.708955 -0.115564 0.695722
    outer loop
      vertex 1.408979 1.147167 -19.175020
      vertex 1.361632 1.137520 -19.224870
      vertex 1.503852 -0.002018 -19.269230
    endloop
  endfacet
  facet normal -0.000061 -0.073210 0.997317
    outer loop
      vertex 1.401644 0.005517 -19.319090
      vertex 1.453438 -0.002018 -19.319640
      vertex 1.436148 0.021699 -19.317900
    endloop
  endfacet
  facet normal -0.991003 -0.132196 0.020897
    outer loop
      vertex 1.139181 3.407797 -18.907290
      vertex 1.135961 3.430641 -18.915480
      vertex 1.285258 2.289083 -19.056900
    endloop
  endfacet
  facet normal -0.000061 -0.073210 -0.997317
    outer loop
      vertex 1.401644 0.005517 -16.698680
      vertex 1.436148 0.021699 -16.699870
      vertex 1.453438 -0.002018 -16.698130
    endloop
  endfacet
  facet normal -0.000000 0.082475 0.996593
    outer loop
      vertex -1.049950 0.021699 -16.699870
      vertex 1.436148 0.021699 -16.699870
      vertex 1.359237 1.147163 -16.793010
    endloop
  endfacet
  facet normal -0.017111 0.085558 0.996186
    outer loop
      vertex -1.049950 0.021699 -16.699870
      vertex -0.961864 1.119358 -16.792630
      vertex -1.067241 -0.002018 -16.698130
    endloop
  endfacet
  facet normal 0.000846 -0.084274 -0.996442
    outer loop
      vertex -1.049950 0.021699 -16.699870
      vertex -0.961864 1.119358 -16.792630
      vertex 1.359237 1.147163 -16.793010
    endloop
  endfacet
  facet normal -0.702262 0.116408 0.702337
    outer loop
      vertex -0.974274 1.142201 -16.794820
      vertex -1.020969 1.142201 -16.841510
      vertex -1.067241 -0.002018 -16.698130
    endloop
  endfacet
  facet normal 0.018134 -0.085652 -0.996160
    outer loop
      vertex -0.974274 1.142201 -16.794820
      vertex -0.961864 1.119358 -16.792630
      vertex -1.067241 -0.002018 -16.698130
    endloop
  endfacet
  facet normal 0.699384 -0.147036 -0.699459
    outer loop
      vertex -0.974274 1.142201 -16.794820
      vertex -1.020969 1.142201 -16.841510
      vertex -0.856360 2.286421 -16.917450
    endloop
  endfacet
  facet normal 0.000977 -0.096368 -0.995345
    outer loop
      vertex -0.974274 1.142201 -16.794820
      vertex -0.957626 1.165919 -16.797100
      vertex 1.359237 1.147163 -16.793010
    endloop
  endfacet
  facet normal -0.000974 0.094910 0.995485
    outer loop
      vertex -0.974274 1.142201 -16.794820
      vertex -0.961864 1.119358 -16.792630
      vertex 1.359237 1.147163 -16.793010
    endloop
  endfacet
  facet normal -0.019540 0.108533 0.993901
    outer loop
      vertex -0.974274 1.142201 -16.794820
      vertex -0.845905 2.263578 -16.914750
      vertex -0.856360 2.286421 -16.917450
    endloop
  endfacet
  facet normal 0.018306 -0.108396 -0.993939
    outer loop
      vertex -0.974274 1.142201 -16.794820
      vertex -0.845905 2.263578 -16.914750
      vertex -0.957626 1.165919 -16.797100
    endloop
  endfacet
  facet normal -0.983084 0.183154 -0.000048
    outer loop
      vertex -0.376022 5.712418 -18.533850
      vertex -0.374780 5.719080 -18.554920
      vertex -0.379036 5.696237 -18.552190
    endloop
  endfacet
  facet normal -0.691893 0.206973 0.691698
    outer loop
      vertex -0.575244 4.574860 -17.270100
      vertex -0.749764 3.430641 -17.102290
      vertex -0.545693 4.574860 -17.240540
    endloop
  endfacet
  facet normal 0.990144 -0.140053 -0.000034
    outer loop
      vertex -0.746410 3.454358 -17.116720
      vertex -0.749764 3.430641 -17.102290
      vertex -0.748699 3.438176 -17.140160
    endloop
  endfacet
  facet normal 0.995462 -0.095161 0.000026
    outer loop
      vertex -1.021607 1.135540 -19.129340
      vertex -1.023153 1.119358 -19.163850
      vertex -1.020969 1.142201 -19.176260
    endloop
  endfacet
  facet normal 0.000181 -0.107221 0.994235
    outer loop
      vertex -0.845905 2.263578 -19.103030
      vertex 1.361632 1.137520 -19.224870
      vertex 1.243906 2.283801 -19.101230
    endloop
  endfacet
  facet normal -0.709108 -0.176895 0.682549
    outer loop
      vertex 1.284536 2.286421 -19.058340
      vertex 1.285258 2.289083 -19.056900
      vertex 1.243906 2.283801 -19.101230
    endloop
  endfacet
  facet normal 0.713440 0.148076 -0.684892
    outer loop
      vertex 1.284536 2.286421 -19.058340
      vertex 1.408979 1.147167 -19.175020
      vertex 1.243906 2.283801 -19.101230
    endloop
  endfacet
  facet normal -0.747033 -0.147978 0.648108
    outer loop
      vertex 1.284536 2.286421 -19.058340
      vertex 1.408979 1.147167 -19.175020
      vertex 1.285258 2.289083 -19.056900
    endloop
  endfacet
  facet normal -0.996415 -0.083415 0.014084
    outer loop
      vertex 1.502111 0.021699 -19.251930
      vertex 1.408979 1.147167 -19.175020
      vertex 1.503852 -0.002018 -19.269230
    endloop
  endfacet
  facet normal -0.983084 0.183154 0.000048
    outer loop
      vertex -0.374780 5.719080 -17.462850
      vertex -0.376022 5.712418 -17.483920
      vertex -0.379036 5.696237 -17.465580
    endloop
  endfacet
  facet normal 0.982998 -0.183619 -0.000054
    outer loop
      vertex -0.374780 5.719080 -17.462850
      vertex -0.373374 5.726615 -17.486360
      vertex -0.370351 5.742797 -17.473830
    endloop
  endfacet
  facet normal -0.687208 0.236128 0.687015
    outer loop
      vertex -0.374780 5.719080 -17.462850
      vertex -0.575244 4.574860 -17.270100
      vertex -0.545693 4.574860 -17.240540
    endloop
  endfacet
  facet normal 0.983182 -0.178643 -0.037944
    outer loop
      vertex -0.374780 5.719080 -17.462850
      vertex -0.575244 4.574860 -17.270100
      vertex -0.379036 5.696237 -17.465580
    endloop
  endfacet
  facet normal 0.691853 0.206971 0.691739
    outer loop
      vertex 1.099697 3.430641 -17.066020
      vertex 1.135961 3.430641 -17.102290
      vertex 0.931890 4.574860 -17.240540
    endloop
  endfacet
  facet normal -0.695968 -0.177250 -0.695853
    outer loop
      vertex 1.099697 3.430641 -17.066020
      vertex 1.135961 3.430641 -17.102290
      vertex 1.284536 2.286421 -16.959430
    endloop
  endfacet
  facet normal -0.000061 0.073210 0.997317
    outer loop
      vertex -1.015446 0.005517 -16.698680
      vertex -1.049950 0.021699 -16.699870
      vertex -1.067241 -0.002018 -16.698130
    endloop
  endfacet
  facet normal -0.983746 0.177195 0.029074
    outer loop
      vertex -0.571353 4.598577 -17.282960
      vertex -0.575244 4.574860 -17.270100
      vertex -0.379036 5.696237 -17.465580
    endloop
  endfacet
  facet normal 0.986798 -0.161956 -0.000045
    outer loop
      vertex -0.571353 4.598577 -17.282960
      vertex -0.575244 4.574860 -17.270100
      vertex -0.574009 4.582396 -17.301300
    endloop
  endfacet
  facet normal -0.986876 0.161477 0.000041
    outer loop
      vertex -0.578982 4.552017 -17.275710
      vertex -0.575244 4.574860 -17.270100
      vertex -0.576336 4.568199 -17.299150
    endloop
  endfacet
  facet normal 0.987561 -0.154728 -0.027975
    outer loop
      vertex -0.578982 4.552017 -17.275710
      vertex -0.575244 4.574860 -17.270100
      vertex -0.749764 3.430641 -17.102290
    endloop
  endfacet
  facet normal -0.987773 0.154094 0.023663
    outer loop
      vertex -0.578982 4.552017 -17.275710
      vertex -0.746410 3.454358 -17.116720
      vertex -0.749764 3.430641 -17.102290
    endloop
  endfacet
  facet normal -0.995462 0.095161 0.000026
    outer loop
      vertex -1.021607 1.135540 -16.888430
      vertex -1.023153 1.119358 -16.853920
      vertex -1.020969 1.142201 -16.841510
    endloop
  endfacet
  facet normal -0.642419 0.417731 -0.642494
    outer loop
      vertex -0.352939 5.719080 -18.576770
      vertex -0.370351 5.742797 -18.543940
      vertex -0.341957 5.742797 -18.572330
    endloop
  endfacet
  facet normal -0.642674 0.417447 -0.642424
    outer loop
      vertex -0.352939 5.719080 -18.576770
      vertex -0.374780 5.719080 -18.554920
      vertex -0.370351 5.742797 -18.543940
    endloop
  endfacet
  facet normal 0.983182 -0.178643 0.037943
    outer loop
      vertex -0.575244 4.574860 -18.747680
      vertex -0.374780 5.719080 -18.554920
      vertex -0.379036 5.696237 -18.552190
    endloop
  endfacet
  facet normal 0.687244 -0.236134 0.686976
    outer loop
      vertex -0.575244 4.574860 -18.747680
      vertex -0.352939 5.719080 -18.576770
      vertex -0.374780 5.719080 -18.554920
    endloop
  endfacet
  facet normal -0.687091 0.236128 -0.687131
    outer loop
      vertex -0.575244 4.574860 -18.747680
      vertex -0.352939 5.719080 -18.576770
      vertex -0.545693 4.574860 -18.777230
    endloop
  endfacet
  facet normal -0.691776 0.206971 -0.691816
    outer loop
      vertex -0.575244 4.574860 -18.747680
      vertex -0.545693 4.574860 -18.777230
      vertex -0.713500 3.430641 -18.951750
    endloop
  endfacet
  facet normal 0.702262 -0.116408 0.702337
    outer loop
      vertex -0.974274 1.142201 -19.222950
      vertex -1.020969 1.142201 -19.176260
      vertex -1.067241 -0.002018 -19.319640
    endloop
  endfacet
  facet normal 0.994295 0.106662 0.000892
    outer loop
      vertex 1.287238 2.263578 -16.969880
      vertex 1.404888 1.165919 -16.858160
      vertex 1.408979 1.147167 -19.175020
    endloop
  endfacet
  facet normal 0.993103 0.117245 0.000491
    outer loop
      vertex 1.287238 2.263578 -16.969880
      vertex 1.285258 2.289083 -19.056900
      vertex 1.284536 2.286421 -16.959430
    endloop
  endfacet
  facet normal 0.994186 0.107677 0.000373
    outer loop
      vertex 1.287238 2.263578 -16.969880
      vertex 1.408979 1.147167 -19.175020
      vertex 1.285258 2.289083 -19.056900
    endloop
  endfacet
  facet normal -0.995510 -0.094650 -0.000975
    outer loop
      vertex 1.407166 1.142201 -16.841510
      vertex 1.408979 1.147167 -19.175020
      vertex 1.409350 1.119358 -16.853920
    endloop
  endfacet
  facet normal -0.995353 -0.096286 -0.000978
    outer loop
      vertex 1.407166 1.142201 -16.841510
      vertex 1.404888 1.165919 -16.858160
      vertex 1.408979 1.147167 -19.175020
    endloop
  endfacet
  facet normal 0.712374 0.116428 0.692075
    outer loop
      vertex 1.407166 1.142201 -16.841510
      vertex 1.359237 1.147163 -16.793010
      vertex 1.503852 -0.002018 -16.748540
    endloop
  endfacet
  facet normal -0.996171 -0.085616 -0.017721
    outer loop
      vertex 1.407166 1.142201 -16.841510
      vertex 1.409350 1.119358 -16.853920
      vertex 1.503852 -0.002018 -16.748540
    endloop
  endfacet
  facet normal -0.711029 -0.147067 -0.687611
    outer loop
      vertex 1.407166 1.142201 -16.841510
      vertex 1.359237 1.147163 -16.793010
      vertex 1.284536 2.286421 -16.959430
    endloop
  endfacet
  facet normal 0.993896 0.108550 0.019704
    outer loop
      vertex 1.407166 1.142201 -16.841510
      vertex 1.287238 2.263578 -16.969880
      vertex 1.284536 2.286421 -16.959430
    endloop
  endfacet
  facet normal -0.993935 -0.108410 -0.018443
    outer loop
      vertex 1.407166 1.142201 -16.841510
      vertex 1.287238 2.263578 -16.969880
      vertex 1.404888 1.165919 -16.858160
    endloop
  endfacet
  facet normal -0.997315 -0.073226 0.000025
    outer loop
      vertex 1.503300 0.005517 -19.217430
      vertex 1.502111 0.021699 -19.251930
      vertex 1.503852 -0.002018 -19.269230
    endloop
  endfacet
  facet normal 0.996594 0.082468 0.000000
    outer loop
      vertex 1.502111 0.021699 -16.765840
      vertex 1.502111 0.021699 -19.251930
      vertex 1.408979 1.147167 -19.175020
    endloop
  endfacet
  facet normal 0.996188 0.085553 0.017038
    outer loop
      vertex 1.502111 0.021699 -16.765840
      vertex 1.409350 1.119358 -16.853920
      vertex 1.503852 -0.002018 -16.748540
    endloop
  endfacet
  facet normal 0.996442 0.084276 0.000850
    outer loop
      vertex 1.502111 0.021699 -16.765840
      vertex 1.408979 1.147167 -19.175020
      vertex 1.409350 1.119358 -16.853920
    endloop
  endfacet
  facet normal -0.992987 -0.118226 -0.000492
    outer loop
      vertex 1.281720 2.310138 -16.975120
      vertex 1.285258 2.289083 -19.056900
      vertex 1.284536 2.286421 -16.959430
    endloop
  endfacet
  facet normal 0.990213 0.139566 -0.000028
    outer loop
      vertex 1.136901 3.423979 -18.879460
      vertex 1.139181 3.407797 -18.907290
      vertex 1.135961 3.430641 -18.915480
    endloop
  endfacet
  facet normal -0.990144 -0.140052 -0.000047
    outer loop
      vertex 1.134897 3.438176 -17.140160
      vertex 1.135961 3.430641 -17.102290
      vertex 1.132607 3.454358 -17.116720
    endloop
  endfacet
  facet normal -0.029285 -0.177231 -0.983733
    outer loop
      vertex 0.919028 4.598577 -17.244430
      vertex 0.736402 5.696237 -17.436750
      vertex 0.931890 4.574860 -17.240540
    endloop
  endfacet
  facet normal -0.000491 0.117978 0.993016
    outer loop
      vertex 1.241113 2.289082 -16.916730
      vertex -0.840665 2.310138 -16.920260
      vertex -0.856360 2.286421 -16.917450
    endloop
  endfacet
  facet normal -0.000373 0.107675 0.994186
    outer loop
      vertex 1.241113 2.289082 -16.916730
      vertex -0.845905 2.263578 -16.914750
      vertex 1.359237 1.147163 -16.793010
    endloop
  endfacet
  facet normal 0.000490 -0.117160 -0.993113
    outer loop
      vertex 1.241113 2.289082 -16.916730
      vertex -0.845905 2.263578 -16.914750
      vertex -0.856360 2.286421 -16.917450
    endloop
  endfacet
  facet normal 0.028184 0.154758 0.987550
    outer loop
      vertex 0.926273 4.552017 -17.236800
      vertex 1.099697 3.430641 -17.066020
      vertex 0.931890 4.574860 -17.240540
    endloop
  endfacet
  facet normal -0.028184 0.154758 0.987550
    outer loop
      vertex -0.713500 3.430641 -17.066020
      vertex -0.540076 4.552017 -17.236800
      vertex -0.545693 4.574860 -17.240540
    endloop
  endfacet
  facet normal 0.691853 -0.206971 -0.691739
    outer loop
      vertex -0.713500 3.430641 -17.066020
      vertex -0.749764 3.430641 -17.102290
      vertex -0.545693 4.574860 -17.240540
    endloop
  endfacet
  facet normal -0.695925 0.177247 0.695897
    outer loop
      vertex -0.713500 3.430641 -17.066020
      vertex -0.898339 2.286421 -16.959430
      vertex -0.856360 2.286421 -16.917450
    endloop
  endfacet
  facet normal -0.695968 0.177250 0.695853
    outer loop
      vertex -0.713500 3.430641 -17.066020
      vertex -0.749764 3.430641 -17.102290
      vertex -0.898339 2.286421 -16.959430
    endloop
  endfacet
  facet normal 0.983748 -0.177190 0.029042
    outer loop
      vertex -0.571353 4.598577 -18.734810
      vertex -0.575244 4.574860 -18.747680
      vertex -0.379036 5.696237 -18.552190
    endloop
  endfacet
  facet normal 0.000142 -0.128794 0.991671
    outer loop
      vertex -0.705309 3.407797 -18.954970
      vertex -0.840665 2.310138 -19.097510
      vertex 1.243906 2.283801 -19.101230
    endloop
  endfacet
  facet normal 0.000000 0.129037 -0.991640
    outer loop
      vertex -0.705309 3.407797 -18.954970
      vertex 1.091506 3.407797 -18.954970
      vertex 1.243906 2.283801 -19.101230
    endloop
  endfacet
  facet normal 0.000283 -0.117682 0.993051
    outer loop
      vertex -0.856360 2.286421 -19.100320
      vertex -0.845905 2.263578 -19.103030
      vertex 1.243906 2.283801 -19.101230
    endloop
  endfacet
  facet normal -0.000283 0.117842 -0.993032
    outer loop
      vertex -0.856360 2.286421 -19.100320
      vertex -0.840665 2.310138 -19.097510
      vertex 1.243906 2.283801 -19.101230
    endloop
  endfacet
  facet normal 0.022781 -0.131526 0.991051
    outer loop
      vertex -0.856360 2.286421 -19.100320
      vertex -0.705309 3.407797 -18.954970
      vertex -0.713500 3.430641 -18.951750
    endloop
  endfacet
  facet normal -0.020942 0.131288 -0.991123
    outer loop
      vertex -0.856360 2.286421 -19.100320
      vertex -0.705309 3.407797 -18.954970
      vertex -0.840665 2.310138 -19.097510
    endloop
  endfacet
  facet normal -0.699384 0.147036 -0.699459
    outer loop
      vertex -0.856360 2.286421 -19.100320
      vertex -0.974274 1.142201 -19.222950
      vertex -1.020969 1.142201 -19.176260
    endloop
  endfacet
  facet normal 0.020316 -0.108611 0.993877
    outer loop
      vertex -0.856360 2.286421 -19.100320
      vertex -0.974274 1.142201 -19.222950
      vertex -0.845905 2.263578 -19.103030
    endloop
  endfacet
  facet normal -0.000495 0.106613 -0.994300
    outer loop
      vertex -0.957626 1.165919 -19.220670
      vertex -0.845905 2.263578 -19.103030
      vertex 1.361632 1.137520 -19.224870
    endloop
  endfacet
  facet normal 0.000626 -0.096123 0.995369
    outer loop
      vertex -0.957626 1.165919 -19.220670
      vertex -0.974274 1.142201 -19.222950
      vertex 1.361632 1.137520 -19.224870
    endloop
  endfacet
  facet normal -0.018291 0.108386 -0.993941
    outer loop
      vertex -0.957626 1.165919 -19.220670
      vertex -0.974274 1.142201 -19.222950
      vertex -0.845905 2.263578 -19.103030
    endloop
  endfacet
  facet normal -0.000628 0.095096 -0.995468
    outer loop
      vertex -0.961864 1.119358 -19.225140
      vertex -0.974274 1.142201 -19.222950
      vertex 1.361632 1.137520 -19.224870
    endloop
  endfacet
  facet normal 0.018134 -0.085652 0.996160
    outer loop
      vertex -0.961864 1.119358 -19.225140
      vertex -0.974274 1.142201 -19.222950
      vertex -1.067241 -0.002018 -19.319640
    endloop
  endfacet
  facet normal 0.991051 -0.131528 -0.022765
    outer loop
      vertex -0.752984 3.407797 -17.110480
      vertex -0.749764 3.430641 -17.102290
      vertex -0.898339 2.286421 -16.959430
    endloop
  endfacet
  facet normal -0.995414 0.095665 -0.000026
    outer loop
      vertex -1.018690 1.165919 -19.159610
      vertex -1.020969 1.142201 -19.176260
      vertex -1.020246 1.149737 -19.128090
    endloop
  endfacet
  facet normal -0.993937 0.108402 -0.018372
    outer loop
      vertex -1.018690 1.165919 -19.159610
      vertex -0.901041 2.263578 -19.047890
      vertex -1.020969 1.142201 -19.176260
    endloop
  endfacet
  facet normal 0.997315 0.073226 0.000025
    outer loop
      vertex 1.503300 0.005517 -16.800340
      vertex 1.502111 0.021699 -16.765840
      vertex 1.503852 -0.002018 -16.748540
    endloop
  endfacet
  facet normal 0.991668 0.128822 0.000382
    outer loop
      vertex 1.139181 3.407797 -17.110480
      vertex 1.281720 2.310138 -16.975120
      vertex 1.285258 2.289083 -19.056900
    endloop
  endfacet
  facet normal -0.991582 -0.129477 -0.000000
    outer loop
      vertex 1.139181 3.407797 -17.110480
      vertex 1.139181 3.407797 -18.907290
      vertex 1.285258 2.289083 -19.056900
    endloop
  endfacet
  facet normal 0.991051 0.131530 0.022774
    outer loop
      vertex 1.139181 3.407797 -17.110480
      vertex 1.135961 3.430641 -17.102290
      vertex 1.284536 2.286421 -16.959430
    endloop
  endfacet
  facet normal -0.991140 -0.131233 -0.020484
    outer loop
      vertex 1.139181 3.407797 -17.110480
      vertex 1.281720 2.310138 -16.975120
      vertex 1.284536 2.286421 -16.959430
    endloop
  endfacet
  facet normal 0.000369 0.183287 0.983059
    outer loop
      vertex 0.739136 5.719080 -17.441010
      vertex 0.718063 5.712418 -17.439760
      vertex 0.736402 5.696237 -17.436750
    endloop
  endfacet
  facet normal 0.642491 0.417510 0.642566
    outer loop
      vertex 0.739136 5.719080 -17.441010
      vertex 0.756548 5.742797 -17.473830
      vertex 0.728155 5.742797 -17.445440
    endloop
  endfacet
  facet normal -0.000365 -0.183773 -0.982969
    outer loop
      vertex 0.739136 5.719080 -17.441010
      vertex 0.715620 5.726615 -17.442410
      vertex 0.728155 5.742797 -17.445440
    endloop
  endfacet
  facet normal 0.000287 0.183538 0.983013
    outer loop
      vertex 0.739136 5.719080 -17.441010
      vertex 0.715620 5.726615 -17.442410
      vertex 0.718063 5.712418 -17.439760
    endloop
  endfacet
  facet normal 0.038517 0.178737 0.983143
    outer loop
      vertex 0.739136 5.719080 -17.441010
      vertex 0.736402 5.696237 -17.436750
      vertex 0.931890 4.574860 -17.240540
    endloop
  endfacet
  facet normal -0.687087 0.236133 0.687134
    outer loop
      vertex -0.352939 5.719080 -17.441010
      vertex -0.374780 5.719080 -17.462850
      vertex -0.545693 4.574860 -17.240540
    endloop
  endfacet
  facet normal 0.038517 -0.178737 -0.983143
    outer loop
      vertex -0.352939 5.719080 -17.441010
      vertex -0.350205 5.696237 -17.436750
      vertex -0.545693 4.574860 -17.240540
    endloop
  endfacet
  facet normal -0.642492 0.417508 0.642566
    outer loop
      vertex -0.352939 5.719080 -17.441010
      vertex -0.341957 5.742797 -17.445440
      vertex -0.370351 5.742797 -17.473830
    endloop
  endfacet
  facet normal 0.642516 -0.417481 -0.642560
    outer loop
      vertex -0.352939 5.719080 -17.441010
      vertex -0.374780 5.719080 -17.462850
      vertex -0.370351 5.742797 -17.473830
    endloop
  endfacet
  facet normal -0.029285 0.177231 0.983733
    outer loop
      vertex -0.532830 4.598577 -17.244430
      vertex -0.350205 5.696237 -17.436750
      vertex -0.545693 4.574860 -17.240540
    endloop
  endfacet
  facet normal -0.691893 -0.206973 -0.691698
    outer loop
      vertex 0.961442 4.574860 -17.270100
      vertex 1.135961 3.430641 -17.102290
      vertex 0.931890 4.574860 -17.240540
    endloop
  endfacet
  facet normal -0.990144 -0.140052 0.000047
    outer loop
      vertex 1.134897 3.438176 -18.877610
      vertex 1.132607 3.454358 -18.901050
      vertex 1.135961 3.430641 -18.915480
    endloop
  endfacet
  facet normal -0.695927 -0.177247 -0.695894
    outer loop
      vertex 1.242558 2.286421 -16.917450
      vertex 1.099697 3.430641 -17.066020
      vertex 1.284536 2.286421 -16.959430
    endloop
  endfacet
  facet normal -0.680652 -0.177280 -0.710834
    outer loop
      vertex 1.242558 2.286421 -16.917450
      vertex 1.241113 2.289082 -16.916730
      vertex 1.099697 3.430641 -17.066020
    endloop
  endfacet
  facet normal 0.699336 0.148008 0.699302
    outer loop
      vertex 1.242558 2.286421 -16.917450
      vertex 1.359237 1.147163 -16.793010
      vertex 1.284536 2.286421 -16.959430
    endloop
  endfacet
  facet normal 0.645720 0.147956 0.749103
    outer loop
      vertex 1.242558 2.286421 -16.917450
      vertex 1.241113 2.289082 -16.916730
      vertex 1.359237 1.147163 -16.793010
    endloop
  endfacet
  facet normal 0.020942 -0.131288 -0.991123
    outer loop
      vertex -0.705309 3.407797 -17.062800
      vertex -0.840665 2.310138 -16.920260
      vertex -0.856360 2.286421 -16.917450
    endloop
  endfacet
  facet normal -0.022781 0.131526 0.991051
    outer loop
      vertex -0.705309 3.407797 -17.062800
      vertex -0.713500 3.430641 -17.066020
      vertex -0.856360 2.286421 -16.917450
    endloop
  endfacet
  facet normal 0.000379 -0.128823 -0.991668
    outer loop
      vertex -0.705309 3.407797 -17.062800
      vertex 1.241113 2.289082 -16.916730
      vertex -0.840665 2.310138 -16.920260
    endloop
  endfacet
  facet normal -0.023120 -0.154012 -0.987798
    outer loop
      vertex 1.085263 3.454358 -17.069380
      vertex 0.926273 4.552017 -17.236800
      vertex 1.099697 3.430641 -17.066020
    endloop
  endfacet
  facet normal 0.691854 0.206967 -0.691739
    outer loop
      vertex 1.099697 3.430641 -18.951750
      vertex 0.961442 4.574860 -18.747680
      vertex 1.135961 3.430641 -18.915480
    endloop
  endfacet
  facet normal 0.695849 0.178182 -0.695734
    outer loop
      vertex 1.099697 3.430641 -18.951750
      vertex 1.135961 3.430641 -18.915480
      vertex 1.243906 2.283801 -19.101230
    endloop
  endfacet
  facet normal -0.021722 -0.131902 0.991025
    outer loop
      vertex 1.099697 3.430641 -18.951750
      vertex 1.091506 3.407797 -18.954970
      vertex 1.243906 2.283801 -19.101230
    endloop
  endfacet
  facet normal -0.023120 0.154012 -0.987798
    outer loop
      vertex -0.540076 4.552017 -18.780970
      vertex -0.699066 3.454358 -18.948390
      vertex -0.713500 3.430641 -18.951750
    endloop
  endfacet
  facet normal 0.028184 -0.154758 0.987550
    outer loop
      vertex -0.540076 4.552017 -18.780970
      vertex -0.545693 4.574860 -18.777230
      vertex -0.713500 3.430641 -18.951750
    endloop
  endfacet
  facet normal -0.986798 0.161956 -0.000045
    outer loop
      vertex -0.574009 4.582396 -18.716470
      vertex -0.571353 4.598577 -18.734810
      vertex -0.575244 4.574860 -18.747680
    endloop
  endfacet
  facet normal 0.986876 -0.161477 0.000041
    outer loop
      vertex -0.576336 4.568199 -18.718620
      vertex -0.578982 4.552017 -18.742060
      vertex -0.575244 4.574860 -18.747680
    endloop
  endfacet
  facet normal 0.993896 -0.108550 0.019703
    outer loop
      vertex -0.898339 2.286421 -19.058340
      vertex -0.901041 2.263578 -19.047890
      vertex -1.020969 1.142201 -19.176260
    endloop
  endfacet
  facet normal -0.699435 0.147040 -0.699407
    outer loop
      vertex -0.898339 2.286421 -19.058340
      vertex -0.856360 2.286421 -19.100320
      vertex -1.020969 1.142201 -19.176260
    endloop
  endfacet
  facet normal 0.993078 -0.117454 0.000028
    outer loop
      vertex -0.898339 2.286421 -19.058340
      vertex -0.899128 2.279760 -19.016370
      vertex -0.901041 2.263578 -19.047890
    endloop
  endfacet
  facet normal 0.695925 -0.177247 0.695897
    outer loop
      vertex -0.898339 2.286421 -19.058340
      vertex -0.856360 2.286421 -19.100320
      vertex -0.713500 3.430641 -18.951750
    endloop
  endfacet
  facet normal 0.993021 -0.117937 0.000030
    outer loop
      vertex -0.898339 2.286421 -19.058340
      vertex -0.895522 2.310138 -19.042650
      vertex -0.897445 2.293956 -19.014820
    endloop
  endfacet
  facet normal -0.000543 0.084250 -0.996444
    outer loop
      vertex -1.049950 0.021699 -19.317900
      vertex -0.961864 1.119358 -19.225140
      vertex 1.361632 1.137520 -19.224870
    endloop
  endfacet
  facet normal 0.000000 0.083085 -0.996542
    outer loop
      vertex -1.049950 0.021699 -19.317900
      vertex 1.361632 1.137520 -19.224870
      vertex 1.436148 0.021699 -19.317900
    endloop
  endfacet
  facet normal 0.000061 -0.073210 0.997317
    outer loop
      vertex -1.049950 0.021699 -19.317900
      vertex -1.067241 -0.002018 -19.319640
      vertex -1.015446 0.005517 -19.319090
    endloop
  endfacet
  facet normal 0.017111 -0.085558 0.996186
    outer loop
      vertex -1.049950 0.021699 -19.317900
      vertex -0.961864 1.119358 -19.225140
      vertex -1.067241 -0.002018 -19.319640
    endloop
  endfacet
  facet normal -0.993021 0.117937 0.000030
    outer loop
      vertex -0.895522 2.310138 -16.975120
      vertex -0.897445 2.293956 -17.002950
      vertex -0.898339 2.286421 -16.959430
    endloop
  endfacet
  facet normal 0.991141 -0.131230 -0.020460
    outer loop
      vertex -0.895522 2.310138 -16.975120
      vertex -0.752984 3.407797 -17.110480
      vertex -0.898339 2.286421 -16.959430
    endloop
  endfacet
  facet normal -0.993078 0.117454 0.000028
    outer loop
      vertex -0.899128 2.279760 -17.001400
      vertex -0.901041 2.263578 -16.969880
      vertex -0.898339 2.286421 -16.959430
    endloop
  endfacet
  facet normal -0.990213 -0.139566 -0.000028
    outer loop
      vertex 1.136901 3.423979 -17.138310
      vertex 1.139181 3.407797 -17.110480
      vertex 1.135961 3.430641 -17.102290
    endloop
  endfacet
  facet normal 0.000365 -0.183773 -0.982969
    outer loop
      vertex -0.329422 5.726615 -17.442410
      vertex -0.352939 5.719080 -17.441010
      vertex -0.341957 5.742797 -17.445440
    endloop
  endfacet
  facet normal 0.987772 0.154096 0.023681
    outer loop
      vertex 0.965179 4.552017 -17.275710
      vertex 1.135961 3.430641 -17.102290
      vertex 1.132607 3.454358 -17.116720
    endloop
  endfacet
  facet normal 0.987561 0.154727 0.027965
    outer loop
      vertex 0.965179 4.552017 -17.275710
      vertex 0.961442 4.574860 -17.270100
      vertex 1.135961 3.430641 -17.102290
    endloop
  endfacet
  facet normal -0.642515 -0.417483 -0.642559
    outer loop
      vertex 0.760978 5.719080 -17.462850
      vertex 0.739136 5.719080 -17.441010
      vertex 0.756548 5.742797 -17.473830
    endloop
  endfacet
  facet normal 0.687087 0.236133 0.687134
    outer loop
      vertex 0.760978 5.719080 -17.462850
      vertex 0.739136 5.719080 -17.441010
      vertex 0.931890 4.574860 -17.240540
    endloop
  endfacet
  facet normal -0.687208 -0.236128 -0.687015
    outer loop
      vertex 0.760978 5.719080 -17.462850
      vertex 0.961442 4.574860 -17.270100
      vertex 0.931890 4.574860 -17.240540
    endloop
  endfacet
  facet normal 0.000028 -0.139566 -0.990213
    outer loop
      vertex -0.677476 3.423979 -17.065080
      vertex -0.705309 3.407797 -17.062800
      vertex -0.713500 3.430641 -17.066020
    endloop
  endfacet
  facet normal 0.020909 0.132191 0.991004
    outer loop
      vertex 1.091506 3.407797 -17.062800
      vertex 1.241113 2.289082 -16.916730
      vertex 1.099697 3.430641 -17.066020
    endloop
  endfacet
  facet normal 0.000000 0.129470 0.991583
    outer loop
      vertex 1.091506 3.407797 -17.062800
      vertex -0.705309 3.407797 -17.062800
      vertex 1.241113 2.289082 -16.916730
    endloop
  endfacet
  facet normal 0.023120 -0.154012 -0.987798
    outer loop
      vertex -0.699066 3.454358 -17.069380
      vertex -0.713500 3.430641 -17.066020
      vertex -0.540076 4.552017 -17.236800
    endloop
  endfacet
  facet normal -0.691776 -0.206971 0.691816
    outer loop
      vertex 0.931890 4.574860 -18.777230
      vertex 1.099697 3.430641 -18.951750
      vertex 0.961442 4.574860 -18.747680
    endloop
  endfacet
  facet normal -0.000028 0.139566 -0.990213
    outer loop
      vertex -0.677476 3.423979 -18.952690
      vertex -0.705309 3.407797 -18.954970
      vertex -0.713500 3.430641 -18.951750
    endloop
  endfacet
  facet normal 0.037057 -0.178500 0.983242
    outer loop
      vertex -0.350205 5.696237 -18.581020
      vertex -0.352939 5.719080 -18.576770
      vertex -0.545693 4.574860 -18.777230
    endloop
  endfacet
  facet normal -0.029285 0.177231 -0.983733
    outer loop
      vertex -0.350205 5.696237 -18.581020
      vertex -0.532830 4.598577 -18.773340
      vertex -0.545693 4.574860 -18.777230
    endloop
  endfacet
  facet normal -0.986798 -0.161957 0.000049
    outer loop
      vertex 0.957550 4.598577 -18.734810
      vertex 0.961442 4.574860 -18.747680
      vertex 0.960206 4.582396 -18.716470
    endloop
  endfacet
  facet normal 0.642418 0.417734 -0.642493
    outer loop
      vertex 0.739136 5.719080 -18.576770
      vertex 0.728155 5.742797 -18.572330
      vertex 0.756548 5.742797 -18.543940
    endloop
  endfacet
  facet normal -0.642673 -0.417450 0.642423
    outer loop
      vertex 0.739136 5.719080 -18.576770
      vertex 0.760978 5.719080 -18.554920
      vertex 0.756548 5.742797 -18.543940
    endloop
  endfacet
  facet normal 0.000030 0.184024 -0.982922
    outer loop
      vertex 0.739136 5.719080 -18.576770
      vertex 0.715620 5.726615 -18.575360
      vertex 0.728155 5.742797 -18.572330
    endloop
  endfacet
  facet normal 0.037057 0.178500 -0.983242
    outer loop
      vertex 0.739136 5.719080 -18.576770
      vertex 0.931890 4.574860 -18.777230
      vertex 0.736402 5.696237 -18.581020
    endloop
  endfacet
  facet normal 0.687244 0.236134 -0.686976
    outer loop
      vertex 0.739136 5.719080 -18.576770
      vertex 0.760978 5.719080 -18.554920
      vertex 0.961442 4.574860 -18.747680
    endloop
  endfacet
  facet normal -0.687092 -0.236128 0.687131
    outer loop
      vertex 0.739136 5.719080 -18.576770
      vertex 0.931890 4.574860 -18.777230
      vertex 0.961442 4.574860 -18.747680
    endloop
  endfacet
  facet normal -0.991141 0.131230 -0.020460
    outer loop
      vertex -0.752984 3.407797 -18.907290
      vertex -0.898339 2.286421 -19.058340
      vertex -0.895522 2.310138 -19.042650
    endloop
  endfacet
  facet normal -0.000369 0.183287 0.983059
    outer loop
      vertex -0.331865 5.712418 -17.439760
      vertex -0.352939 5.719080 -17.441010
      vertex -0.350205 5.696237 -17.436750
    endloop
  endfacet
  facet normal -0.000287 0.183538 0.983013
    outer loop
      vertex -0.331865 5.712418 -17.439760
      vertex -0.329422 5.726615 -17.442410
      vertex -0.352939 5.719080 -17.441010
    endloop
  endfacet
  facet normal 0.987772 0.154096 -0.023681
    outer loop
      vertex 0.965179 4.552017 -18.742060
      vertex 1.132607 3.454358 -18.901050
      vertex 1.135961 3.430641 -18.915480
    endloop
  endfacet
  facet normal -0.987563 -0.154722 0.027934
    outer loop
      vertex 0.965179 4.552017 -18.742060
      vertex 0.961442 4.574860 -18.747680
      vertex 1.135961 3.430641 -18.915480
    endloop
  endfacet
  facet normal 0.982997 0.183621 -0.000051
    outer loop
      vertex 0.759571 5.726615 -18.531410
      vertex 0.760978 5.719080 -18.554920
      vertex 0.756548 5.742797 -18.543940
    endloop
  endfacet
  facet normal 0.000028 0.139566 0.990213
    outer loop
      vertex 1.063673 3.423979 -17.065080
      vertex 1.091506 3.407797 -17.062800
      vertex 1.099697 3.430641 -17.066020
    endloop
  endfacet
  facet normal 0.023120 0.154012 -0.987798
    outer loop
      vertex 0.926273 4.552017 -18.780970
      vertex 1.099697 3.430641 -18.951750
      vertex 1.085263 3.454358 -18.948390
    endloop
  endfacet
  facet normal 0.028184 0.154758 -0.987550
    outer loop
      vertex 0.926273 4.552017 -18.780970
      vertex 0.931890 4.574860 -18.777230
      vertex 1.099697 3.430641 -18.951750
    endloop
  endfacet
  facet normal -0.029285 -0.177231 0.983733
    outer loop
      vertex 0.919028 4.598577 -18.773340
      vertex 0.931890 4.574860 -18.777230
      vertex 0.736402 5.696237 -18.581020
    endloop
  endfacet
  facet normal 0.000028 0.139566 -0.990213
    outer loop
      vertex 1.063673 3.423979 -18.952690
      vertex 1.099697 3.430641 -18.951750
      vertex 1.091506 3.407797 -18.954970
    endloop
  endfacet
  facet normal -0.000030 0.184024 -0.982922
    outer loop
      vertex -0.329422 5.726615 -18.575360
      vertex -0.352939 5.719080 -18.576770
      vertex -0.341957 5.742797 -18.572330
    endloop
  endfacet
  facet normal 0.983085 0.183150 -0.000045
    outer loop
      vertex 0.765233 5.696237 -18.552190
      vertex 0.760978 5.719080 -18.554920
      vertex 0.762220 5.712418 -18.533850
    endloop
  endfacet
  facet normal -0.983183 -0.178641 0.037929
    outer loop
      vertex 0.765233 5.696237 -18.552190
      vertex 0.760978 5.719080 -18.554920
      vertex 0.961442 4.574860 -18.747680
    endloop
  endfacet
  facet normal 0.983748 0.177190 -0.029042
    outer loop
      vertex 0.765233 5.696237 -18.552190
      vertex 0.957550 4.598577 -18.734810
      vertex 0.961442 4.574860 -18.747680
    endloop
  endfacet
  facet normal -0.000025 0.182911 -0.983130
    outer loop
      vertex -0.331865 5.712418 -18.578010
      vertex -0.350205 5.696237 -18.581020
      vertex -0.352939 5.719080 -18.576770
    endloop
  endfacet
  facet normal 0.986877 0.161473 -0.000038
    outer loop
      vertex 0.962533 4.568199 -18.718620
      vertex 0.965179 4.552017 -18.742060
      vertex 0.961442 4.574860 -18.747680
    endloop
  endfacet
  facet normal -0.982997 -0.183621 -0.000051
    outer loop
      vertex 0.759571 5.726615 -17.486360
      vertex 0.760978 5.719080 -17.462850
      vertex 0.756548 5.742797 -17.473830
    endloop
  endfacet
  facet normal 0.983183 0.178640 0.037930
    outer loop
      vertex 0.765233 5.696237 -17.465580
      vertex 0.760978 5.719080 -17.462850
      vertex 0.961442 4.574860 -17.270100
    endloop
  endfacet
  facet normal 0.000025 0.182911 -0.983130
    outer loop
      vertex 0.718063 5.712418 -18.578010
      vertex 0.739136 5.719080 -18.576770
      vertex 0.736402 5.696237 -18.581020
    endloop
  endfacet
  facet normal -0.990213 0.139562 0.000029
    outer loop
      vertex -0.750704 3.423979 -17.138310
      vertex -0.752984 3.407797 -17.110480
      vertex -0.749764 3.430641 -17.102290
    endloop
  endfacet
  facet normal 0.990213 -0.139562 0.000029
    outer loop
      vertex -0.749764 3.430641 -18.915480
      vertex -0.750704 3.423979 -18.879460
      vertex -0.752984 3.407797 -18.907290
    endloop
  endfacet
  facet normal -0.691854 0.206967 -0.691739
    outer loop
      vertex -0.749764 3.430641 -18.915480
      vertex -0.575244 4.574860 -18.747680
      vertex -0.713500 3.430641 -18.951750
    endloop
  endfacet
  facet normal 0.695968 -0.177250 0.695853
    outer loop
      vertex -0.749764 3.430641 -18.915480
      vertex -0.898339 2.286421 -19.058340
      vertex -0.713500 3.430641 -18.951750
    endloop
  endfacet
  facet normal 0.991051 -0.131528 0.022765
    outer loop
      vertex -0.749764 3.430641 -18.915480
      vertex -0.752984 3.407797 -18.907290
      vertex -0.898339 2.286421 -19.058340
    endloop
  endfacet
  facet normal -0.987773 0.154094 -0.023663
    outer loop
      vertex -0.749764 3.430641 -18.915480
      vertex -0.746410 3.454358 -18.901050
      vertex -0.578982 4.552017 -18.742060
    endloop
  endfacet
  facet normal -0.987562 0.154724 -0.027945
    outer loop
      vertex -0.749764 3.430641 -18.915480
      vertex -0.578982 4.552017 -18.742060
      vertex -0.575244 4.574860 -18.747680
    endloop
  endfacet
  facet normal -0.986877 -0.161473 -0.000038
    outer loop
      vertex 0.962533 4.568199 -17.299150
      vertex 0.965179 4.552017 -17.275710
      vertex 0.961442 4.574860 -17.270100
    endloop
  endfacet
  facet normal -0.983085 -0.183150 -0.000045
    outer loop
      vertex 0.762220 5.712418 -17.483920
      vertex 0.765233 5.696237 -17.465580
      vertex 0.760978 5.719080 -17.462850
    endloop
  endfacet
  facet normal -0.986798 -0.161957 -0.000049
    outer loop
      vertex 0.957550 4.598577 -17.282960
      vertex 0.960206 4.582396 -17.301300
      vertex 0.961442 4.574860 -17.270100
    endloop
  endfacet
  facet normal 0.983746 0.177195 0.029074
    outer loop
      vertex 0.957550 4.598577 -17.282960
      vertex 0.765233 5.696237 -17.465580
      vertex 0.961442 4.574860 -17.270100
    endloop
  endfacet
  facet normal 0.990144 -0.140053 0.000034
    outer loop
      vertex -0.748699 3.438176 -18.877610
      vertex -0.749764 3.430641 -18.915480
      vertex -0.746410 3.454358 -18.901050
    endloop
  endfacet
  facet normal 0.997328 -0.073058 0.000000
    outer loop
      vertex -1.117103 0.005517 -19.217430
      vertex -1.117655 -0.002018 -16.748540
      vertex -1.117655 -0.002018 -19.269230
    endloop
  endfacet
  facet normal 0.997328 -0.073058 0.000000
    outer loop
      vertex -1.117103 0.005517 -19.217430
      vertex -1.117103 0.005517 -16.800340
      vertex -1.117655 -0.002018 -16.748540
    endloop
  endfacet
  facet normal -0.997312 0.073278 0.000000
    outer loop
      vertex -1.117103 0.005517 -19.217430
      vertex -1.117103 0.005517 -16.800340
      vertex -1.115914 0.021699 -16.765840
    endloop
  endfacet
  facet normal 0.997312 -0.073278 0.000000
    outer loop
      vertex -1.117103 0.005517 -19.217430
      vertex -1.115914 0.021699 -19.251930
      vertex -1.115914 0.021699 -16.765840
    endloop
  endfacet
  facet normal -0.995429 0.095501 0.000000
    outer loop
      vertex -1.020969 1.142201 -19.176260
      vertex -1.020969 1.142201 -16.841510
      vertex -1.020246 1.149737 -16.889680
    endloop
  endfacet
  facet normal -0.995429 0.095501 0.000000
    outer loop
      vertex -1.020969 1.142201 -19.176260
      vertex -1.020246 1.149737 -16.889680
      vertex -1.020246 1.149737 -19.128090
    endloop
  endfacet
  facet normal 0.000000 1.000000 0.000000
    outer loop
      vertex 1.453438 -0.002018 -19.319640
      vertex -1.067241 -0.002018 -19.319640
      vertex -1.117655 -0.002018 -19.269230
    endloop
  endfacet
  facet normal 0.000000 1.000000 -0.000000
    outer loop
      vertex 1.453438 -0.002018 -19.319640
      vertex -1.067241 -0.002018 -16.698130
      vertex 1.453438 -0.002018 -16.698130
    endloop
  endfacet
  facet normal 0.000000 -1.000000 0.000000
    outer loop
      vertex 1.453438 -0.002018 -19.319640
      vertex -1.117655 -0.002018 -16.748540
      vertex -1.117655 -0.002018 -19.269230
    endloop
  endfacet
  facet normal 0.000000 -1.000000 0.000000
    outer loop
      vertex 1.453438 -0.002018 -19.319640
      vertex -1.067241 -0.002018 -16.698130
      vertex -1.117655 -0.002018 -16.748540
    endloop
  endfacet
  facet normal 0.000000 1.000000 0.000000
    outer loop
      vertex 1.453438 -0.002018 -19.319640
      vertex 1.503852 -0.002018 -16.748540
      vertex 1.503852 -0.002018 -19.269230
    endloop
  endfacet
  facet normal 0.000000 -1.000000 0.000000
    outer loop
      vertex 1.453438 -0.002018 -19.319640
      vertex 1.503852 -0.002018 -16.748540
      vertex 1.453438 -0.002018 -16.698130
    endloop
  endfacet
  facet normal 0.982990 -0.183659 0.000000
    outer loop
      vertex -0.373374 5.726615 -17.486360
      vertex -0.370351 5.742797 -18.543940
      vertex -0.370351 5.742797 -17.473830
    endloop
  endfacet
  facet normal 0.982990 -0.183659 0.000000
    outer loop
      vertex -0.373374 5.726615 -17.486360
      vertex -0.373374 5.726615 -18.531410
      vertex -0.370351 5.742797 -18.543940
    endloop
  endfacet
  facet normal -0.996448 0.084208 0.000000
    outer loop
      vertex -1.023153 1.119358 -19.163850
      vertex -1.115914 0.021699 -19.251930
      vertex -1.115914 0.021699 -16.765840
    endloop
  endfacet
  facet normal 0.996448 -0.084208 0.000000
    outer loop
      vertex -1.023153 1.119358 -19.163850
      vertex -1.023153 1.119358 -16.853920
      vertex -1.115914 0.021699 -16.765840
    endloop
  endfacet
  facet normal 0.000000 0.072795 -0.997347
    outer loop
      vertex 1.401644 0.005517 -19.319090
      vertex 1.453438 -0.002018 -19.319640
      vertex -1.067241 -0.002018 -19.319640
    endloop
  endfacet
  facet normal 0.000000 0.072795 -0.997347
    outer loop
      vertex 1.401644 0.005517 -19.319090
      vertex -1.067241 -0.002018 -19.319640
      vertex -1.015446 0.005517 -19.319090
    endloop
  endfacet
  facet normal 0.983094 -0.183101 0.000000
    outer loop
      vertex -0.376022 5.712418 -18.533850
      vertex -0.376022 5.712418 -17.483920
      vertex -0.379036 5.696237 -17.465580
    endloop
  endfacet
  facet normal 0.983094 -0.183101 0.000000
    outer loop
      vertex -0.376022 5.712418 -18.533850
      vertex -0.379036 5.696237 -17.465580
      vertex -0.379036 5.696237 -18.552190
    endloop
  endfacet
  facet normal -0.983028 0.183455 0.000000
    outer loop
      vertex -0.374780 5.719080 -17.462850
      vertex -0.373374 5.726615 -17.486360
      vertex -0.373374 5.726615 -18.531410
    endloop
  endfacet
  facet normal -0.983028 0.183455 0.000000
    outer loop
      vertex -0.374780 5.719080 -17.462850
      vertex -0.373374 5.726615 -18.531410
      vertex -0.374780 5.719080 -18.554920
    endloop
  endfacet
  facet normal -0.983057 0.183301 0.000000
    outer loop
      vertex -0.374780 5.719080 -17.462850
      vertex -0.376022 5.712418 -18.533850
      vertex -0.376022 5.712418 -17.483920
    endloop
  endfacet
  facet normal 0.983057 -0.183301 0.000000
    outer loop
      vertex -0.374780 5.719080 -17.462850
      vertex -0.376022 5.712418 -18.533850
      vertex -0.374780 5.719080 -18.554920
    endloop
  endfacet
  facet normal 0.000000 0.072795 0.997347
    outer loop
      vertex -1.015446 0.005517 -16.698680
      vertex -1.067241 -0.002018 -16.698130
      vertex 1.453438 -0.002018 -16.698130
    endloop
  endfacet
  facet normal 0.000000 -0.072795 -0.997347
    outer loop
      vertex -1.015446 0.005517 -16.698680
      vertex 1.401644 0.005517 -16.698680
      vertex 1.453438 -0.002018 -16.698130
    endloop
  endfacet
  facet normal -0.000000 0.073339 0.997307
    outer loop
      vertex -1.015446 0.005517 -16.698680
      vertex 1.401644 0.005517 -16.698680
      vertex 1.436148 0.021699 -16.699870
    endloop
  endfacet
  facet normal 0.000000 -0.073339 -0.997307
    outer loop
      vertex -1.015446 0.005517 -16.698680
      vertex -1.049950 0.021699 -16.699870
      vertex 1.436148 0.021699 -16.699870
    endloop
  endfacet
  facet normal 0.995444 -0.095345 0.000000
    outer loop
      vertex -1.021607 1.135540 -16.888430
      vertex -1.020969 1.142201 -19.176260
      vertex -1.020969 1.142201 -16.841510
    endloop
  endfacet
  facet normal 0.995444 -0.095345 0.000000
    outer loop
      vertex -1.021607 1.135540 -16.888430
      vertex -1.021607 1.135540 -19.129340
      vertex -1.020969 1.142201 -19.176260
    endloop
  endfacet
  facet normal -0.995467 0.095105 0.000000
    outer loop
      vertex -1.021607 1.135540 -16.888430
      vertex -1.023153 1.119358 -19.163850
      vertex -1.023153 1.119358 -16.853920
    endloop
  endfacet
  facet normal -0.995467 0.095105 0.000000
    outer loop
      vertex -1.021607 1.135540 -16.888430
      vertex -1.021607 1.135540 -19.129340
      vertex -1.023153 1.119358 -19.163850
    endloop
  endfacet
  facet normal -0.000000 -0.161575 -0.986860
    outer loop
      vertex 0.926273 4.552017 -17.236800
      vertex -0.540076 4.552017 -17.236800
      vertex -0.545693 4.574860 -17.240540
    endloop
  endfacet
  facet normal 0.000000 0.161575 0.986860
    outer loop
      vertex 0.926273 4.552017 -17.236800
      vertex 0.931890 4.574860 -17.240540
      vertex -0.545693 4.574860 -17.240540
    endloop
  endfacet
  facet normal -0.984996 0.172577 0.000000
    outer loop
      vertex -0.571353 4.598577 -18.734810
      vertex -0.379036 5.696237 -17.465580
      vertex -0.379036 5.696237 -18.552190
    endloop
  endfacet
  facet normal -0.984996 0.172577 0.000000
    outer loop
      vertex -0.571353 4.598577 -18.734810
      vertex -0.571353 4.598577 -17.282960
      vertex -0.379036 5.696237 -17.465580
    endloop
  endfacet
  facet normal 0.995409 -0.095715 0.000000
    outer loop
      vertex -1.018690 1.165919 -19.159610
      vertex -1.020246 1.149737 -16.889680
      vertex -1.020246 1.149737 -19.128090
    endloop
  endfacet
  facet normal 0.995409 -0.095715 0.000000
    outer loop
      vertex -1.018690 1.165919 -19.159610
      vertex -1.018690 1.165919 -16.858160
      vertex -1.020246 1.149737 -16.889680
    endloop
  endfacet
  facet normal -0.994305 0.106572 0.000000
    outer loop
      vertex -1.018690 1.165919 -19.159610
      vertex -1.018690 1.165919 -16.858160
      vertex -0.901041 2.263578 -16.969880
    endloop
  endfacet
  facet normal 0.994305 -0.106572 0.000000
    outer loop
      vertex -1.018690 1.165919 -19.159610
      vertex -0.901041 2.263578 -19.047890
      vertex -0.901041 2.263578 -16.969880
    endloop
  endfacet
  facet normal 0.997328 0.073058 0.000000
    outer loop
      vertex 1.503300 0.005517 -16.800340
      vertex 1.503852 -0.002018 -16.748540
      vertex 1.503852 -0.002018 -19.269230
    endloop
  endfacet
  facet normal -0.997328 -0.073058 -0.000000
    outer loop
      vertex 1.503300 0.005517 -16.800340
      vertex 1.503300 0.005517 -19.217430
      vertex 1.503852 -0.002018 -19.269230
    endloop
  endfacet
  facet normal 0.997312 0.073278 0.000000
    outer loop
      vertex 1.503300 0.005517 -16.800340
      vertex 1.503300 0.005517 -19.217430
      vertex 1.502111 0.021699 -19.251930
    endloop
  endfacet
  facet normal -0.997312 -0.073278 0.000000
    outer loop
      vertex 1.503300 0.005517 -16.800340
      vertex 1.502111 0.021699 -16.765840
      vertex 1.502111 0.021699 -19.251930
    endloop
  endfacet
  facet normal 0.000000 -0.161855 -0.986815
    outer loop
      vertex -0.532830 4.598577 -17.244430
      vertex 0.931890 4.574860 -17.240540
      vertex -0.545693 4.574860 -17.240540
    endloop
  endfacet
  facet normal 0.000000 -0.161855 -0.986815
    outer loop
      vertex -0.532830 4.598577 -17.244430
      vertex 0.919028 4.598577 -17.244430
      vertex 0.931890 4.574860 -17.240540
    endloop
  endfacet
  facet normal -0.000000 0.172580 0.984995
    outer loop
      vertex -0.532830 4.598577 -17.244430
      vertex 0.919028 4.598577 -17.244430
      vertex 0.736402 5.696237 -17.436750
    endloop
  endfacet
  facet normal 0.000000 -0.172580 -0.984995
    outer loop
      vertex -0.532830 4.598577 -17.244430
      vertex -0.350205 5.696237 -17.436750
      vertex 0.736402 5.696237 -17.436750
    endloop
  endfacet
  facet normal 0.990177 0.139821 -0.000000
    outer loop
      vertex 1.134897 3.438176 -18.877610
      vertex 1.134897 3.438176 -17.140160
      vertex 1.135961 3.430641 -17.102290
    endloop
  endfacet
  facet normal 0.990177 0.139821 0.000000
    outer loop
      vertex 1.134897 3.438176 -18.877610
      vertex 1.135961 3.430641 -17.102290
      vertex 1.135961 3.430641 -18.915480
    endloop
  endfacet
  facet normal 0.990135 0.140119 0.000000
    outer loop
      vertex 1.134897 3.438176 -18.877610
      vertex 1.132607 3.454358 -18.901050
      vertex 1.132607 3.454358 -17.116720
    endloop
  endfacet
  facet normal -0.990135 -0.140119 0.000000
    outer loop
      vertex 1.134897 3.438176 -18.877610
      vertex 1.134897 3.438176 -17.140160
      vertex 1.132607 3.454358 -17.116720
    endloop
  endfacet
  facet normal 0.000000 0.140270 -0.990113
    outer loop
      vertex 1.099697 3.430641 -18.951750
      vertex -0.699066 3.454358 -18.948390
      vertex 1.085263 3.454358 -18.948390
    endloop
  endfacet
  facet normal 0.000000 -0.140270 0.990113
    outer loop
      vertex 1.099697 3.430641 -18.951750
      vertex -0.699066 3.454358 -18.948390
      vertex -0.713500 3.430641 -18.951750
    endloop
  endfacet
  facet normal 0.000000 -1.000000 0.000000
    outer loop
      vertex 0.728155 5.742797 -18.572330
      vertex -0.370351 5.742797 -18.543940
      vertex -0.341957 5.742797 -18.572330
    endloop
  endfacet
  facet normal 0.000000 1.000000 0.000000
    outer loop
      vertex 0.728155 5.742797 -18.572330
      vertex -0.370351 5.742797 -18.543940
      vertex -0.370351 5.742797 -17.473830
    endloop
  endfacet
  facet normal 0.000000 -1.000000 0.000000
    outer loop
      vertex 0.728155 5.742797 -18.572330
      vertex -0.341957 5.742797 -17.445440
      vertex -0.370351 5.742797 -17.473830
    endloop
  endfacet
  facet normal 0.000000 1.000000 -0.000000
    outer loop
      vertex 0.728155 5.742797 -18.572330
      vertex -0.341957 5.742797 -17.445440
      vertex 0.728155 5.742797 -17.445440
    endloop
  endfacet
  facet normal 0.000000 -1.000000 0.000000
    outer loop
      vertex 0.728155 5.742797 -18.572330
      vertex 0.756548 5.742797 -17.473830
      vertex 0.728155 5.742797 -17.445440
    endloop
  endfacet
  facet normal 0.000000 1.000000 0.000000
    outer loop
      vertex 0.728155 5.742797 -18.572330
      vertex 0.756548 5.742797 -17.473830
      vertex 0.756548 5.742797 -18.543940
    endloop
  endfacet
  facet normal -0.986828 0.161774 0.000000
    outer loop
      vertex -0.574009 4.582396 -18.716470
      vertex -0.575244 4.574860 -18.747680
      vertex -0.575244 4.574860 -17.270100
    endloop
  endfacet
  facet normal -0.986828 0.161774 0.000000
    outer loop
      vertex -0.574009 4.582396 -18.716470
      vertex -0.575244 4.574860 -17.270100
      vertex -0.574009 4.582396 -17.301300
    endloop
  endfacet
  facet normal 0.986790 -0.162005 0.000000
    outer loop
      vertex -0.574009 4.582396 -18.716470
      vertex -0.571353 4.598577 -18.734810
      vertex -0.571353 4.598577 -17.282960
    endloop
  endfacet
  facet normal 0.986790 -0.162005 0.000000
    outer loop
      vertex -0.574009 4.582396 -18.716470
      vertex -0.571353 4.598577 -17.282960
      vertex -0.574009 4.582396 -17.301300
    endloop
  endfacet
  facet normal 0.986848 -0.161650 0.000000
    outer loop
      vertex -0.576336 4.568199 -18.718620
      vertex -0.575244 4.574860 -18.747680
      vertex -0.575244 4.574860 -17.270100
    endloop
  endfacet
  facet normal 0.986848 -0.161650 0.000000
    outer loop
      vertex -0.576336 4.568199 -18.718620
      vertex -0.575244 4.574860 -17.270100
      vertex -0.576336 4.568199 -17.299150
    endloop
  endfacet
  facet normal -0.986886 0.161419 0.000000
    outer loop
      vertex -0.576336 4.568199 -18.718620
      vertex -0.578982 4.552017 -17.275710
      vertex -0.576336 4.568199 -17.299150
    endloop
  endfacet
  facet normal -0.986886 0.161419 0.000000
    outer loop
      vertex -0.576336 4.568199 -18.718620
      vertex -0.578982 4.552017 -18.742060
      vertex -0.578982 4.552017 -17.275710
    endloop
  endfacet
  facet normal 0.988566 -0.150787 0.000000
    outer loop
      vertex -0.746410 3.454358 -18.901050
      vertex -0.578982 4.552017 -18.742060
      vertex -0.578982 4.552017 -17.275710
    endloop
  endfacet
  facet normal 0.988566 -0.150787 0.000000
    outer loop
      vertex -0.746410 3.454358 -18.901050
      vertex -0.578982 4.552017 -17.275710
      vertex -0.746410 3.454358 -17.116720
    endloop
  endfacet
  facet normal 0.993041 -0.117768 0.000000
    outer loop
      vertex -0.898339 2.286421 -19.058340
      vertex -0.897445 2.293956 -19.014820
      vertex -0.897445 2.293956 -17.002950
    endloop
  endfacet
  facet normal 0.993041 -0.117768 0.000000
    outer loop
      vertex -0.898339 2.286421 -19.058340
      vertex -0.897445 2.293956 -17.002950
      vertex -0.898339 2.286421 -16.959430
    endloop
  endfacet
  facet normal 0.000000 0.073339 -0.997307
    outer loop
      vertex -1.049950 0.021699 -19.317900
      vertex 1.401644 0.005517 -19.319090
      vertex -1.015446 0.005517 -19.319090
    endloop
  endfacet
  facet normal 0.000000 -0.073339 0.997307
    outer loop
      vertex -1.049950 0.021699 -19.317900
      vertex 1.401644 0.005517 -19.319090
      vertex 1.436148 0.021699 -19.317900
    endloop
  endfacet
  facet normal -0.993015 0.117987 0.000000
    outer loop
      vertex -0.895522 2.310138 -16.975120
      vertex -0.897445 2.293956 -19.014820
      vertex -0.897445 2.293956 -17.002950
    endloop
  endfacet
  facet normal -0.993015 0.117987 0.000000
    outer loop
      vertex -0.895522 2.310138 -16.975120
      vertex -0.895522 2.310138 -19.042650
      vertex -0.897445 2.293956 -19.014820
    endloop
  endfacet
  facet normal 0.993058 -0.117628 0.000000
    outer loop
      vertex -0.899128 2.279760 -17.001400
      vertex -0.898339 2.286421 -19.058340
      vertex -0.898339 2.286421 -16.959430
    endloop
  endfacet
  facet normal -0.993058 0.117628 0.000000
    outer loop
      vertex -0.899128 2.279760 -17.001400
      vertex -0.898339 2.286421 -19.058340
      vertex -0.899128 2.279760 -19.016370
    endloop
  endfacet
  facet normal -0.993085 0.117400 0.000000
    outer loop
      vertex -0.899128 2.279760 -17.001400
      vertex -0.901041 2.263578 -19.047890
      vertex -0.901041 2.263578 -16.969880
    endloop
  endfacet
  facet normal -0.993085 0.117400 0.000000
    outer loop
      vertex -0.899128 2.279760 -17.001400
      vertex -0.899128 2.279760 -19.016370
      vertex -0.901041 2.263578 -19.047890
    endloop
  endfacet
  facet normal -0.990192 -0.139715 0.000000
    outer loop
      vertex 1.136901 3.423979 -17.138310
      vertex 1.135961 3.430641 -17.102290
      vertex 1.135961 3.430641 -18.915480
    endloop
  endfacet
  facet normal 0.990192 0.139715 0.000000
    outer loop
      vertex 1.136901 3.423979 -17.138310
      vertex 1.136901 3.423979 -18.879460
      vertex 1.135961 3.430641 -18.915480
    endloop
  endfacet
  facet normal -0.990219 -0.139519 -0.000000
    outer loop
      vertex 1.136901 3.423979 -17.138310
      vertex 1.136901 3.423979 -18.879460
      vertex 1.139181 3.407797 -18.907290
    endloop
  endfacet
  facet normal 0.990219 0.139519 0.000000
    outer loop
      vertex 1.136901 3.423979 -17.138310
      vertex 1.139181 3.407797 -17.110480
      vertex 1.139181 3.407797 -18.907290
    endloop
  endfacet
  facet normal 0.000000 -0.184046 -0.982918
    outer loop
      vertex -0.329422 5.726615 -17.442410
      vertex -0.341957 5.742797 -17.445440
      vertex 0.728155 5.742797 -17.445440
    endloop
  endfacet
  facet normal -0.000000 0.184046 0.982918
    outer loop
      vertex -0.329422 5.726615 -17.442410
      vertex 0.715620 5.726615 -17.442410
      vertex 0.728155 5.742797 -17.445440
    endloop
  endfacet
  facet normal 0.000000 0.150781 0.988567
    outer loop
      vertex -0.699066 3.454358 -17.069380
      vertex 0.926273 4.552017 -17.236800
      vertex -0.540076 4.552017 -17.236800
    endloop
  endfacet
  facet normal -0.000000 0.150781 0.988567
    outer loop
      vertex -0.699066 3.454358 -17.069380
      vertex 1.085263 3.454358 -17.069380
      vertex 0.926273 4.552017 -17.236800
    endloop
  endfacet
  facet normal 0.000000 0.140270 0.990113
    outer loop
      vertex -0.699066 3.454358 -17.069380
      vertex -0.713500 3.430641 -17.066020
      vertex 1.099697 3.430641 -17.066020
    endloop
  endfacet
  facet normal 0.000000 -0.140270 -0.990113
    outer loop
      vertex -0.699066 3.454358 -17.069380
      vertex 1.085263 3.454358 -17.069380
      vertex 1.099697 3.430641 -17.066020
    endloop
  endfacet
  facet normal 0.991674 -0.128776 0.000000
    outer loop
      vertex -0.752984 3.407797 -18.907290
      vertex -0.895522 2.310138 -16.975120
      vertex -0.895522 2.310138 -19.042650
    endloop
  endfacet
  facet normal -0.991674 0.128776 0.000000
    outer loop
      vertex -0.752984 3.407797 -18.907290
      vertex -0.895522 2.310138 -16.975120
      vertex -0.752984 3.407797 -17.110480
    endloop
  endfacet
  facet normal 0.000000 0.182883 0.983135
    outer loop
      vertex -0.331865 5.712418 -17.439760
      vertex -0.350205 5.696237 -17.436750
      vertex 0.736402 5.696237 -17.436750
    endloop
  endfacet
  facet normal 0.000000 -0.182883 -0.983135
    outer loop
      vertex -0.331865 5.712418 -17.439760
      vertex 0.718063 5.712418 -17.439760
      vertex 0.736402 5.696237 -17.436750
    endloop
  endfacet
  facet normal 0.000000 -0.183490 -0.983022
    outer loop
      vertex -0.331865 5.712418 -17.439760
      vertex -0.329422 5.726615 -17.442410
      vertex 0.715620 5.726615 -17.442410
    endloop
  endfacet
  facet normal 0.000000 -0.183490 -0.983022
    outer loop
      vertex -0.331865 5.712418 -17.439760
      vertex 0.715620 5.726615 -17.442410
      vertex 0.718063 5.712418 -17.439760
    endloop
  endfacet
  facet normal -0.988566 -0.150787 0.000000
    outer loop
      vertex 0.965179 4.552017 -18.742060
      vertex 1.132607 3.454358 -18.901050
      vertex 1.132607 3.454358 -17.116720
    endloop
  endfacet
  facet normal 0.988566 0.150787 -0.000000
    outer loop
      vertex 0.965179 4.552017 -18.742060
      vertex 0.965179 4.552017 -17.275710
      vertex 1.132607 3.454358 -17.116720
    endloop
  endfacet
  facet normal 0.000000 -0.139715 -0.990192
    outer loop
      vertex 1.063673 3.423979 -17.065080
      vertex -0.713500 3.430641 -17.066020
      vertex 1.099697 3.430641 -17.066020
    endloop
  endfacet
  facet normal -0.000000 -0.139715 -0.990192
    outer loop
      vertex 1.063673 3.423979 -17.065080
      vertex -0.677476 3.423979 -17.065080
      vertex -0.713500 3.430641 -17.066020
    endloop
  endfacet
  facet normal 0.000000 0.139519 0.990219
    outer loop
      vertex 1.063673 3.423979 -17.065080
      vertex -0.677476 3.423979 -17.065080
      vertex -0.705309 3.407797 -17.062800
    endloop
  endfacet
  facet normal 0.000000 -0.139519 -0.990219
    outer loop
      vertex 1.063673 3.423979 -17.065080
      vertex 1.091506 3.407797 -17.062800
      vertex -0.705309 3.407797 -17.062800
    endloop
  endfacet
  facet normal 0.000000 -0.150781 0.988567
    outer loop
      vertex 0.926273 4.552017 -18.780970
      vertex -0.699066 3.454358 -18.948390
      vertex 1.085263 3.454358 -18.948390
    endloop
  endfacet
  facet normal 0.000000 -0.150781 0.988567
    outer loop
      vertex 0.926273 4.552017 -18.780970
      vertex -0.540076 4.552017 -18.780970
      vertex -0.699066 3.454358 -18.948390
    endloop
  endfacet
  facet normal 0.000000 0.161575 -0.986860
    outer loop
      vertex 0.926273 4.552017 -18.780970
      vertex -0.540076 4.552017 -18.780970
      vertex -0.545693 4.574860 -18.777230
    endloop
  endfacet
  facet normal 0.000000 -0.161575 0.986860
    outer loop
      vertex 0.926273 4.552017 -18.780970
      vertex 0.931890 4.574860 -18.777230
      vertex -0.545693 4.574860 -18.777230
    endloop
  endfacet
  facet normal 0.000000 0.172580 -0.984995
    outer loop
      vertex 0.919028 4.598577 -18.773340
      vertex -0.350205 5.696237 -18.581020
      vertex 0.736402 5.696237 -18.581020
    endloop
  endfacet
  facet normal 0.000000 -0.172580 0.984995
    outer loop
      vertex 0.919028 4.598577 -18.773340
      vertex -0.350205 5.696237 -18.581020
      vertex -0.532830 4.598577 -18.773340
    endloop
  endfacet
  facet normal 0.000000 0.161855 -0.986815
    outer loop
      vertex 0.919028 4.598577 -18.773340
      vertex 0.931890 4.574860 -18.777230
      vertex -0.545693 4.574860 -18.777230
    endloop
  endfacet
  facet normal 0.000000 -0.161855 0.986815
    outer loop
      vertex 0.919028 4.598577 -18.773340
      vertex -0.532830 4.598577 -18.773340
      vertex -0.545693 4.574860 -18.777230
    endloop
  endfacet
  facet normal 0.000000 -0.139519 0.990219
    outer loop
      vertex 1.063673 3.423979 -18.952690
      vertex -0.677476 3.423979 -18.952690
      vertex -0.705309 3.407797 -18.954970
    endloop
  endfacet
  facet normal 0.000000 -0.139519 0.990219
    outer loop
      vertex 1.063673 3.423979 -18.952690
      vertex -0.705309 3.407797 -18.954970
      vertex 1.091506 3.407797 -18.954970
    endloop
  endfacet
  facet normal 0.000000 -0.139715 0.990192
    outer loop
      vertex 1.063673 3.423979 -18.952690
      vertex 1.099697 3.430641 -18.951750
      vertex -0.713500 3.430641 -18.951750
    endloop
  endfacet
  facet normal 0.000000 0.139715 -0.990192
    outer loop
      vertex 1.063673 3.423979 -18.952690
      vertex -0.677476 3.423979 -18.952690
      vertex -0.713500 3.430641 -18.951750
    endloop
  endfacet
  facet normal 0.000000 -0.184046 0.982918
    outer loop
      vertex -0.329422 5.726615 -18.575360
      vertex 0.728155 5.742797 -18.572330
      vertex -0.341957 5.742797 -18.572330
    endloop
  endfacet
  facet normal 0.000000 -0.184046 0.982918
    outer loop
      vertex -0.329422 5.726615 -18.575360
      vertex 0.715620 5.726615 -18.575360
      vertex 0.728155 5.742797 -18.572330
    endloop
  endfacet
  facet normal 0.000000 0.183934 -0.982939
    outer loop
      vertex -0.329422 5.726615 -18.575360
      vertex 0.739136 5.719080 -18.576770
      vertex -0.352939 5.719080 -18.576770
    endloop
  endfacet
  facet normal 0.000000 -0.183934 0.982939
    outer loop
      vertex -0.329422 5.726615 -18.575360
      vertex 0.739136 5.719080 -18.576770
      vertex 0.715620 5.726615 -18.575360
    endloop
  endfacet
  facet normal 0.986830 0.161761 0.000000
    outer loop
      vertex 0.960206 4.582396 -17.301300
      vertex 0.961442 4.574860 -17.270100
      vertex 0.961442 4.574860 -18.747680
    endloop
  endfacet
  facet normal 0.986830 0.161761 0.000000
    outer loop
      vertex 0.960206 4.582396 -17.301300
      vertex 0.961442 4.574860 -18.747680
      vertex 0.960206 4.582396 -18.716470
    endloop
  endfacet
  facet normal -0.982990 -0.183659 0.000000
    outer loop
      vertex 0.759571 5.726615 -17.486360
      vertex 0.756548 5.742797 -17.473830
      vertex 0.756548 5.742797 -18.543940
    endloop
  endfacet
  facet normal 0.982990 0.183659 0.000000
    outer loop
      vertex 0.759571 5.726615 -17.486360
      vertex 0.759571 5.726615 -18.531410
      vertex 0.756548 5.742797 -18.543940
    endloop
  endfacet
  facet normal 0.983026 0.183468 0.000000
    outer loop
      vertex 0.759571 5.726615 -17.486360
      vertex 0.760978 5.719080 -17.462850
      vertex 0.760978 5.719080 -18.554920
    endloop
  endfacet
  facet normal -0.983026 -0.183468 -0.000000
    outer loop
      vertex 0.759571 5.726615 -17.486360
      vertex 0.759571 5.726615 -18.531410
      vertex 0.760978 5.719080 -18.554920
    endloop
  endfacet
  facet normal 0.000000 -0.182883 0.983135
    outer loop
      vertex 0.718063 5.712418 -18.578010
      vertex -0.350205 5.696237 -18.581020
      vertex 0.736402 5.696237 -18.581020
    endloop
  endfacet
  facet normal 0.000000 -0.182883 0.983135
    outer loop
      vertex 0.718063 5.712418 -18.578010
      vertex -0.331865 5.712418 -18.578010
      vertex -0.350205 5.696237 -18.581020
    endloop
  endfacet
  facet normal 0.000000 -0.182988 0.983115
    outer loop
      vertex 0.718063 5.712418 -18.578010
      vertex 0.739136 5.719080 -18.576770
      vertex -0.352939 5.719080 -18.576770
    endloop
  endfacet
  facet normal 0.000000 0.182988 -0.983115
    outer loop
      vertex 0.718063 5.712418 -18.578010
      vertex -0.331865 5.712418 -18.578010
      vertex -0.352939 5.719080 -18.576770
    endloop
  endfacet
  facet normal -0.990220 0.139513 0.000000
    outer loop
      vertex -0.750704 3.423979 -17.138310
      vertex -0.752984 3.407797 -18.907290
      vertex -0.752984 3.407797 -17.110480
    endloop
  endfacet
  facet normal -0.990220 0.139513 0.000000
    outer loop
      vertex -0.750704 3.423979 -17.138310
      vertex -0.750704 3.423979 -18.879460
      vertex -0.752984 3.407797 -18.907290
    endloop
  endfacet
  facet normal 0.990192 -0.139715 0.000000
    outer loop
      vertex -0.749764 3.430641 -18.915480
      vertex -0.750704 3.423979 -17.138310
      vertex -0.750704 3.423979 -18.879460
    endloop
  endfacet
  facet normal -0.990192 0.139715 0.000000
    outer loop
      vertex -0.749764 3.430641 -18.915480
      vertex -0.750704 3.423979 -17.138310
      vertex -0.749764 3.430641 -17.102290
    endloop
  endfacet
  facet normal -0.986851 -0.161635 0.000000
    outer loop
      vertex 0.962533 4.568199 -17.299150
      vertex 0.961442 4.574860 -17.270100
      vertex 0.961442 4.574860 -18.747680
    endloop
  endfacet
  facet normal 0.986851 0.161635 0.000000
    outer loop
      vertex 0.962533 4.568199 -17.299150
      vertex 0.962533 4.568199 -18.718620
      vertex 0.961442 4.574860 -18.747680
    endloop
  endfacet
  facet normal -0.986886 -0.161419 0.000000
    outer loop
      vertex 0.962533 4.568199 -17.299150
      vertex 0.965179 4.552017 -18.742060
      vertex 0.965179 4.552017 -17.275710
    endloop
  endfacet
  facet normal -0.986886 -0.161419 -0.000000
    outer loop
      vertex 0.962533 4.568199 -17.299150
      vertex 0.962533 4.568199 -18.718620
      vertex 0.965179 4.552017 -18.742060
    endloop
  endfacet
  facet normal -0.983059 -0.183287 0.000000
    outer loop
      vertex 0.762220 5.712418 -17.483920
      vertex 0.760978 5.719080 -17.462850
      vertex 0.760978 5.719080 -18.554920
    endloop
  endfacet
  facet normal -0.983059 -0.183287 -0.000000
    outer loop
      vertex 0.762220 5.712418 -17.483920
      vertex 0.760978 5.719080 -18.554920
      vertex 0.762220 5.712418 -18.533850
    endloop
  endfacet
  facet normal 0.983094 0.183101 0.000000
    outer loop
      vertex 0.762220 5.712418 -17.483920
      vertex 0.765233 5.696237 -18.552190
      vertex 0.762220 5.712418 -18.533850
    endloop
  endfacet
  facet normal 0.983094 0.183101 0.000000
    outer loop
      vertex 0.762220 5.712418 -17.483920
      vertex 0.765233 5.696237 -17.465580
      vertex 0.765233 5.696237 -18.552190
    endloop
  endfacet
  facet normal 0.986789 0.162011 0.000000
    outer loop
      vertex 0.957550 4.598577 -17.282960
      vertex 0.960206 4.582396 -17.301300
      vertex 0.960206 4.582396 -18.716470
    endloop
  endfacet
  facet normal -0.986789 -0.162011 -0.000000
    outer loop
      vertex 0.957550 4.598577 -17.282960
      vertex 0.957550 4.598577 -18.734810
      vertex 0.960206 4.582396 -18.716470
    endloop
  endfacet
  facet normal -0.984996 -0.172577 0.000000
    outer loop
      vertex 0.957550 4.598577 -17.282960
      vertex 0.765233 5.696237 -17.465580
      vertex 0.765233 5.696237 -18.552190
    endloop
  endfacet
  facet normal -0.984996 -0.172577 -0.000000
    outer loop
      vertex 0.957550 4.598577 -17.282960
      vertex 0.765233 5.696237 -18.552190
      vertex 0.957550 4.598577 -18.734810
    endloop
  endfacet
  facet normal 0.990137 -0.140101 0.000000
    outer loop
      vertex -0.748699 3.438176 -18.877610
      vertex -0.746410 3.454358 -18.901050
      vertex -0.746410 3.454358 -17.116720
    endloop
  endfacet
  facet normal 0.990137 -0.140101 0.000000
    outer loop
      vertex -0.748699 3.438176 -18.877610
      vertex -0.746410 3.454358 -17.116720
      vertex -0.748699 3.438176 -17.140160
    endloop
  endfacet
  facet normal -0.990168 0.139885 0.000000
    outer loop
      vertex -0.748699 3.438176 -18.877610
      vertex -0.749764 3.430641 -18.915480
      vertex -0.749764 3.430641 -17.102290
    endloop
  endfacet
  facet normal -0.990168 0.139885 0.000000
    outer loop
      vertex -0.748699 3.438176 -18.877610
      vertex -0.749764 3.430641 -17.102290
      vertex -0.748699 3.438176 -17.140160
    endloop
  endfacet
  facet normal -0.000397 0.004460 -0.999990
    outer loop
      vertex 3.728184 6.878647 -14.436000
      vertex -3.362260 6.877768 -14.433190
      vertex 5.334212 8.961151 -14.427350
    endloop
  endfacet
  facet normal 0.000261 -0.930466 0.366379
    outer loop
      vertex 0.736402 5.696237 -17.436750
      vertex 3.728184 6.878647 -14.436000
      vertex -3.362260 6.877768 -14.433190
    endloop
  endfacet
  facet normal 0.664431 0.745382 0.054199
    outer loop
      vertex 5.359346 9.818524 -14.531940
      vertex 5.345848 9.856514 -14.888930
      vertex 5.350749 9.819942 -14.446050
    endloop
  endfacet
  facet normal 0.989491 0.106979 0.097275
    outer loop
      vertex 5.353488 9.795990 -14.447570
      vertex 5.359346 9.818524 -14.531940
      vertex 5.350749 9.819942 -14.446050
    endloop
  endfacet
  facet normal -0.077564 0.959150 0.272056
    outer loop
      vertex -4.979834 9.991961 -17.997790
      vertex -4.985336 8.984095 -14.446060
      vertex 5.350749 9.819942 -14.446050
    endloop
  endfacet
  facet normal -0.649822 -0.003405 -0.760079
    outer loop
      vertex 5.333496 9.798659 -14.430490
      vertex 5.353488 9.795990 -14.447570
      vertex 5.334212 8.961151 -14.427350
    endloop
  endfacet
  facet normal 0.651369 0.026364 0.758303
    outer loop
      vertex 5.333496 9.798659 -14.430490
      vertex 5.353488 9.795990 -14.447570
      vertex 5.350749 9.819942 -14.446050
    endloop
  endfacet
  facet normal 0.189243 0.963521 -0.189249
    outer loop
      vertex -0.350205 5.696237 -17.436750
      vertex -0.379036 5.696237 -17.465580
      vertex -3.362260 6.877768 -14.433190
    endloop
  endfacet
  facet normal 0.000000 -0.930587 0.366071
    outer loop
      vertex -0.350205 5.696237 -17.436750
      vertex 0.736402 5.696237 -17.436750
      vertex -3.362260 6.877768 -14.433190
    endloop
  endfacet
  facet normal -0.313384 -0.947669 0.060943
    outer loop
      vertex -3.354902 6.649499 -17.944930
      vertex -0.379036 5.696237 -17.465580
      vertex -3.362260 6.877768 -14.433190
    endloop
  endfacet
  facet normal -0.999920 -0.001693 -0.012499
    outer loop
      vertex 5.394585 9.374509 -17.290990
      vertex 5.359346 9.818524 -14.531940
      vertex 5.402897 9.965425 -18.036030
    endloop
  endfacet
  facet normal 0.091370 -0.958030 -0.271716
    outer loop
      vertex -4.996462 9.982153 -17.968800
      vertex -4.979834 9.991961 -17.997790
      vertex -4.985336 8.984095 -14.446060
    endloop
  endfacet
  facet normal 0.551881 -0.805729 -0.215006
    outer loop
      vertex -5.031260 9.974265 -18.028560
      vertex -4.996462 9.982153 -17.968800
      vertex -5.033878 9.965830 -18.003670
    endloop
  endfacet
  facet normal -0.109495 -0.990714 -0.080599
    outer loop
      vertex 5.334858 9.830749 -14.557300
      vertex 5.345848 9.856514 -14.888930
      vertex 5.350749 9.819942 -14.446050
    endloop
  endfacet
  facet normal -0.001114 0.001847 0.999998
    outer loop
      vertex -4.969015 8.962497 -14.438830
      vertex -3.362260 6.877768 -14.433190
      vertex 5.334212 8.961151 -14.427350
    endloop
  endfacet
  facet normal 0.001114 -0.003748 -0.999992
    outer loop
      vertex -4.969015 8.962497 -14.438830
      vertex 5.333496 9.798659 -14.430490
      vertex 5.334212 8.961151 -14.427350
    endloop
  endfacet
  facet normal 0.068552 -0.847705 -0.526019
    outer loop
      vertex -4.972218 8.981321 -14.439880
      vertex -4.985336 8.984095 -14.446060
      vertex 5.350749 9.819942 -14.446050
    endloop
  endfacet
  facet normal -0.049517 0.615315 0.786725
    outer loop
      vertex -4.972218 8.981321 -14.439880
      vertex 5.333496 9.798659 -14.430490
      vertex 5.350749 9.819942 -14.446050
    endloop
  endfacet
  facet normal -0.005256 0.054801 0.998483
    outer loop
      vertex -4.972218 8.981321 -14.439880
      vertex -4.969015 8.962497 -14.438830
      vertex 5.333496 9.798659 -14.430490
    endloop
  endfacet
  facet normal 0.314174 -0.947308 0.062459
    outer loop
      vertex 0.765233 5.696237 -17.465580
      vertex 3.723903 6.645250 -17.954390
      vertex 3.728184 6.878647 -14.436000
    endloop
  endfacet
  facet normal 0.002769 -0.999992 0.002769
    outer loop
      vertex 0.765233 5.696237 -17.465580
      vertex 0.736402 5.696237 -17.436750
      vertex 0.743236 5.696195 -17.458750
    endloop
  endfacet
  facet normal -0.190050 0.963203 -0.190056
    outer loop
      vertex 0.765233 5.696237 -17.465580
      vertex 0.736402 5.696237 -17.436750
      vertex 3.728184 6.878647 -14.436000
    endloop
  endfacet
  facet normal 0.336971 -0.896634 -0.287226
    outer loop
      vertex 3.724274 6.643130 -18.036590
      vertex 0.765233 5.696237 -18.552190
      vertex 3.723842 6.682664 -18.160510
    endloop
  endfacet
  facet normal 0.304776 -0.952424 0.000000
    outer loop
      vertex 3.724274 6.643130 -18.036590
      vertex 0.765233 5.696237 -17.465580
      vertex 0.765233 5.696237 -18.552190
    endloop
  endfacet
  facet normal -0.309206 0.950642 -0.025913
    outer loop
      vertex 3.724274 6.643130 -18.036590
      vertex 0.765233 5.696237 -17.465580
      vertex 3.723903 6.645250 -17.954390
    endloop
  endfacet
  facet normal -0.002769 -0.999992 0.002769
    outer loop
      vertex -0.357038 5.696195 -17.458750
      vertex -0.350205 5.696237 -17.436750
      vertex -0.379036 5.696237 -17.465580
    endloop
  endfacet
  facet normal -0.000079 0.920517 -0.390703
    outer loop
      vertex -4.971306 9.991592 -18.022800
      vertex 5.349306 9.992670 -18.022340
      vertex -5.006944 9.974900 -18.062120
    endloop
  endfacet
  facet normal -0.333989 -0.881417 -0.333999
    outer loop
      vertex -0.379036 5.696237 -18.552190
      vertex -3.354946 6.658376 -18.115440
      vertex -0.350205 5.696237 -18.581020
    endloop
  endfacet
  facet normal -0.313798 -0.948210 -0.049284
    outer loop
      vertex -0.379036 5.696237 -18.552190
      vertex -3.354902 6.649499 -17.944930
      vertex -3.354946 6.658376 -18.115440
    endloop
  endfacet
  facet normal 0.305062 0.952333 -0.000000
    outer loop
      vertex -0.379036 5.696237 -18.552190
      vertex -3.354902 6.649499 -17.944930
      vertex -0.379036 5.696237 -17.465580
    endloop
  endfacet
  facet normal -0.995133 0.090667 0.038598
    outer loop
      vertex -4.987593 8.960566 -14.448980
      vertex -4.985336 8.984095 -14.446060
      vertex -5.033878 9.965830 -18.003670
    endloop
  endfacet
  facet normal 0.999915 0.000000 -0.013020
    outer loop
      vertex -4.987593 8.960566 -14.448980
      vertex -5.033878 9.539100 -18.003670
      vertex -5.033878 9.965830 -18.003670
    endloop
  endfacet
  facet normal 0.787451 0.614093 -0.053017
    outer loop
      vertex -4.955969 8.609686 -18.043500
      vertex -4.987593 8.960566 -14.448980
      vertex -3.362260 6.877768 -14.433190
    endloop
  endfacet
  facet normal -0.996507 -0.083507 -0.000616
    outer loop
      vertex -4.955969 8.609686 -18.043500
      vertex -4.987593 8.960566 -14.448980
      vertex -5.033878 9.539100 -18.003670
    endloop
  endfacet
  facet normal -0.132762 -0.990192 -0.043519
    outer loop
      vertex 5.359610 9.991873 -18.010740
      vertex 5.345848 9.856514 -14.888930
      vertex 5.352798 9.992164 -17.996580
    endloop
  endfacet
  facet normal -0.304856 -0.951445 -0.042598
    outer loop
      vertex 5.359610 9.991873 -18.010740
      vertex 5.389825 9.981303 -17.990890
      vertex 5.345848 9.856514 -14.888930
    endloop
  endfacet
  facet normal 0.065041 0.997824 0.010783
    outer loop
      vertex 5.359610 9.991873 -18.010740
      vertex 5.349306 9.992670 -18.022340
      vertex 5.352798 9.992164 -17.996580
    endloop
  endfacet
  facet normal 0.878779 0.476228 0.030887
    outer loop
      vertex 5.397919 9.971440 -17.987140
      vertex 5.359346 9.818524 -14.531940
      vertex 5.402897 9.965425 -18.036030
    endloop
  endfacet
  facet normal -0.772906 -0.634520 -0.000632
    outer loop
      vertex 5.397919 9.971440 -17.987140
      vertex 5.389825 9.981303 -17.990890
      vertex 5.402897 9.965425 -18.036030
    endloop
  endfacet
  facet normal -0.784984 -0.618462 -0.036134
    outer loop
      vertex 5.397919 9.971440 -17.987140
      vertex 5.359346 9.818524 -14.531940
      vertex 5.345848 9.856514 -14.888930
    endloop
  endfacet
  facet normal 0.765617 0.642249 0.036691
    outer loop
      vertex 5.397919 9.971440 -17.987140
      vertex 5.389825 9.981303 -17.990890
      vertex 5.345848 9.856514 -14.888930
    endloop
  endfacet
  facet normal 0.566895 -0.792093 -0.226316
    outer loop
      vertex -5.017843 9.968326 -17.972240
      vertex -4.985336 8.984095 -14.446060
      vertex -5.033878 9.965830 -18.003670
    endloop
  endfacet
  facet normal -0.554454 0.802851 0.219114
    outer loop
      vertex -5.017843 9.968326 -17.972240
      vertex -4.996462 9.982153 -17.968800
      vertex -5.033878 9.965830 -18.003670
    endloop
  endfacet
  facet normal 0.554326 -0.800320 -0.228496
    outer loop
      vertex -5.017843 9.968326 -17.972240
      vertex -4.996462 9.982153 -17.968800
      vertex -4.985336 8.984095 -14.446060
    endloop
  endfacet
  facet normal -0.010057 0.996971 0.077123
    outer loop
      vertex -4.964420 9.992933 -17.996940
      vertex 5.334858 9.830749 -14.557300
      vertex 5.345848 9.856514 -14.888930
    endloop
  endfacet
  facet normal 0.000073 0.999049 0.043609
    outer loop
      vertex -4.964420 9.992933 -17.996940
      vertex 5.345848 9.856514 -14.888930
      vertex 5.352798 9.992164 -17.996580
    endloop
  endfacet
  facet normal -0.075249 0.961191 0.265421
    outer loop
      vertex -4.964420 9.992933 -17.996940
      vertex -4.979834 9.991961 -17.997790
      vertex 5.350749 9.819942 -14.446050
    endloop
  endfacet
  facet normal 0.017442 -0.994921 -0.099140
    outer loop
      vertex -4.964420 9.992933 -17.996940
      vertex 5.334858 9.830749 -14.557300
      vertex 5.350749 9.819942 -14.446050
    endloop
  endfacet
  facet normal -0.000074 -0.999807 -0.019629
    outer loop
      vertex -4.964420 9.992933 -17.996940
      vertex 5.349306 9.992670 -18.022340
      vertex 5.352798 9.992164 -17.996580
    endloop
  endfacet
  facet normal 0.999918 0.000000 0.012771
    outer loop
      vertex 5.359346 8.983042 -14.531920
      vertex 5.394585 9.374509 -17.290990
      vertex 5.359346 9.818524 -14.531940
    endloop
  endfacet
  facet normal -0.997598 -0.000002 -0.069266
    outer loop
      vertex 5.359346 8.983042 -14.531920
      vertex 5.353488 9.795990 -14.447570
      vertex 5.359346 9.818524 -14.531940
    endloop
  endfacet
  facet normal -0.337643 0.878628 0.337654
    outer loop
      vertex 0.736402 5.696237 -18.581020
      vertex 0.765233 5.696237 -18.552190
      vertex 3.723842 6.682664 -18.160510
    endloop
  endfacet
  facet normal 0.000000 0.066576 0.997781
    outer loop
      vertex 0.736402 5.696237 -18.581020
      vertex -3.353589 7.303895 -18.688290
      vertex -0.350205 5.696237 -18.581020
    endloop
  endfacet
  facet normal -0.000385 0.065601 0.997846
    outer loop
      vertex 0.736402 5.696237 -18.581020
      vertex 3.721867 7.345439 -18.688290
      vertex -3.353589 7.303895 -18.688290
    endloop
  endfacet
  facet normal -0.246181 -0.957085 0.152918
    outer loop
      vertex 5.379527 9.981463 -18.043830
      vertex 5.359610 9.991873 -18.010740
      vertex 5.349306 9.992670 -18.022340
    endloop
  endfacet
  facet normal 0.587393 0.801537 -0.111839
    outer loop
      vertex 5.379527 9.981463 -18.043830
      vertex 5.389825 9.981303 -17.990890
      vertex 5.402897 9.965425 -18.036030
    endloop
  endfacet
  facet normal 0.369549 0.926640 -0.069085
    outer loop
      vertex 5.379527 9.981463 -18.043830
      vertex 5.359610 9.991873 -18.010740
      vertex 5.389825 9.981303 -17.990890
    endloop
  endfacet
  facet normal -0.000253 -0.886818 0.462118
    outer loop
      vertex 5.379527 9.981463 -18.043830
      vertex 5.349306 9.992670 -18.022340
      vertex -5.006944 9.974900 -18.062120
    endloop
  endfacet
  facet normal -0.319323 0.938092 0.134222
    outer loop
      vertex -4.984497 9.992746 -18.014370
      vertex -4.996462 9.982153 -17.968800
      vertex -4.979834 9.991961 -17.997790
    endloop
  endfacet
  facet normal -0.393741 0.912760 0.108794
    outer loop
      vertex -4.984497 9.992746 -18.014370
      vertex -5.031260 9.974265 -18.028560
      vertex -4.996462 9.982153 -17.968800
    endloop
  endfacet
  facet normal 0.066413 -0.995619 -0.065817
    outer loop
      vertex -4.984497 9.992746 -18.014370
      vertex -4.964420 9.992933 -17.996940
      vertex -4.979834 9.991961 -17.997790
    endloop
  endfacet
  facet normal 0.305689 -0.930044 0.203890
    outer loop
      vertex -4.984497 9.992746 -18.014370
      vertex -5.031260 9.974265 -18.028560
      vertex -5.006944 9.974900 -18.062120
    endloop
  endfacet
  facet normal -0.110213 0.946890 -0.302079
    outer loop
      vertex -4.984497 9.992746 -18.014370
      vertex -4.971306 9.991592 -18.022800
      vertex -5.006944 9.974900 -18.062120
    endloop
  endfacet
  facet normal 0.000097 -0.990739 0.135777
    outer loop
      vertex -4.984497 9.992746 -18.014370
      vertex -4.971306 9.991592 -18.022800
      vertex 5.349306 9.992670 -18.022340
    endloop
  endfacet
  facet normal -0.000001 0.999942 -0.010727
    outer loop
      vertex -4.984497 9.992746 -18.014370
      vertex -4.964420 9.992933 -17.996940
      vertex 5.349306 9.992670 -18.022340
    endloop
  endfacet
  facet normal -0.002769 -0.999992 -0.002769
    outer loop
      vertex -0.357038 5.696195 -18.559020
      vertex -0.379036 5.696237 -18.552190
      vertex -0.350205 5.696237 -18.581020
    endloop
  endfacet
  facet normal 0.615448 0.038660 -0.787229
    outer loop
      vertex -4.979865 8.957681 -14.443080
      vertex -4.987593 8.960566 -14.448980
      vertex -4.985336 8.984095 -14.446060
    endloop
  endfacet
  facet normal -0.423638 0.014436 0.905717
    outer loop
      vertex -4.979865 8.957681 -14.443080
      vertex -4.972218 8.981321 -14.439880
      vertex -4.985336 8.984095 -14.446060
    endloop
  endfacet
  facet normal 0.361077 0.009425 -0.932488
    outer loop
      vertex -4.979865 8.957681 -14.443080
      vertex -4.972218 8.981321 -14.439880
      vertex -4.969015 8.962497 -14.438830
    endloop
  endfacet
  facet normal 0.274744 0.209213 -0.938480
    outer loop
      vertex -4.979865 8.957681 -14.443080
      vertex -4.969015 8.962497 -14.438830
      vertex -3.362260 6.877768 -14.433190
    endloop
  endfacet
  facet normal -0.636793 -0.492430 0.593301
    outer loop
      vertex -4.979865 8.957681 -14.443080
      vertex -4.987593 8.960566 -14.448980
      vertex -3.362260 6.877768 -14.433190
    endloop
  endfacet
  facet normal 0.220164 0.204958 0.953688
    outer loop
      vertex -4.984811 9.411729 -18.764710
      vertex -3.353589 7.303895 -18.688290
      vertex -4.938552 9.411733 -18.775390
    endloop
  endfacet
  facet normal 0.549061 0.450435 0.704017
    outer loop
      vertex -4.984811 9.411729 -18.764710
      vertex -4.942432 8.957199 -18.506950
      vertex -3.353589 7.303895 -18.688290
    endloop
  endfacet
  facet normal -0.143603 0.769973 -0.621707
    outer loop
      vertex -4.984811 9.411729 -18.764710
      vertex -5.006944 9.974900 -18.062120
      vertex -4.938552 9.411733 -18.775390
    endloop
  endfacet
  facet normal -0.671828 0.567482 -0.476037
    outer loop
      vertex -4.984811 9.411729 -18.764710
      vertex -5.031260 9.974265 -18.028560
      vertex -5.006944 9.974900 -18.062120
    endloop
  endfacet
  facet normal -0.271044 -0.558660 -0.783858
    outer loop
      vertex -3.355009 6.857625 -18.369740
      vertex -3.353589 7.303895 -18.688290
      vertex -0.350205 5.696237 -18.581020
    endloop
  endfacet
  facet normal 0.385863 0.921314 0.047865
    outer loop
      vertex -3.368622 6.656610 -17.971200
      vertex -3.354902 6.649499 -17.944930
      vertex -3.354946 6.658376 -18.115440
    endloop
  endfacet
  facet normal -0.772009 -0.630440 -0.080916
    outer loop
      vertex -3.368622 6.656610 -17.971200
      vertex -4.955969 8.609686 -18.043500
      vertex -3.354946 6.658376 -18.115440
    endloop
  endfacet
  facet normal -0.538392 -0.840992 0.053538
    outer loop
      vertex -3.368622 6.656610 -17.971200
      vertex -3.354902 6.649499 -17.944930
      vertex -3.362260 6.877768 -14.433190
    endloop
  endfacet
  facet normal 0.776116 0.629274 -0.040731
    outer loop
      vertex -3.368622 6.656610 -17.971200
      vertex -4.955969 8.609686 -18.043500
      vertex -3.362260 6.877768 -14.433190
    endloop
  endfacet
  facet normal 0.761985 0.618071 0.193307
    outer loop
      vertex -4.942404 8.633643 -18.173570
      vertex -4.955969 8.609686 -18.043500
      vertex -3.354946 6.658376 -18.115440
    endloop
  endfacet
  facet normal 0.598114 -0.762892 -0.245469
    outer loop
      vertex 3.737399 6.690368 -18.151420
      vertex 3.724274 6.643130 -18.036590
      vertex 3.723842 6.682664 -18.160510
    endloop
  endfacet
  facet normal 0.758098 -0.629019 -0.172112
    outer loop
      vertex 3.737399 6.690368 -18.151420
      vertex 5.342809 8.618569 -18.127120
      vertex 3.724274 6.643130 -18.036590
    endloop
  endfacet
  facet normal -0.768909 0.639047 -0.019952
    outer loop
      vertex 5.356638 8.608843 -17.984350
      vertex 3.724274 6.643130 -18.036590
      vertex 3.723903 6.645250 -17.954390
    endloop
  endfacet
  facet normal -0.765546 0.632607 0.117248
    outer loop
      vertex 5.356638 8.608843 -17.984350
      vertex 5.342809 8.618569 -18.127120
      vertex 3.724274 6.643130 -18.036590
    endloop
  endfacet
  facet normal -0.768564 0.638432 -0.041416
    outer loop
      vertex 5.356638 8.608843 -17.984350
      vertex 3.723903 6.645250 -17.954390
      vertex 3.728184 6.878647 -14.436000
    endloop
  endfacet
  facet normal -0.998523 0.054087 -0.005079
    outer loop
      vertex 5.356638 8.608843 -17.984350
      vertex 5.359346 8.983042 -14.531920
      vertex 5.394585 9.374509 -17.290990
    endloop
  endfacet
  facet normal 0.178156 -0.381504 -0.907037
    outer loop
      vertex 3.783143 7.303893 -18.658780
      vertex 0.736402 5.696237 -18.581020
      vertex 3.721867 7.345439 -18.688290
    endloop
  endfacet
  facet normal 0.271133 -0.258652 -0.927139
    outer loop
      vertex 5.355112 9.370960 -18.775740
      vertex 3.783143 7.303893 -18.658780
      vertex 3.721867 7.345439 -18.688290
    endloop
  endfacet
  facet normal -0.000198 -0.041435 -0.999141
    outer loop
      vertex 5.355112 9.370960 -18.775740
      vertex -3.353589 7.303895 -18.688290
      vertex -4.938552 9.411733 -18.775390
    endloop
  endfacet
  facet normal 0.000254 -0.043339 -0.999060
    outer loop
      vertex 5.355112 9.370960 -18.775740
      vertex 3.721867 7.345439 -18.688290
      vertex -3.353589 7.303895 -18.688290
    endloop
  endfacet
  facet normal -0.000256 -0.886231 0.463244
    outer loop
      vertex 5.345049 9.968379 -18.068880
      vertex 5.379527 9.981463 -18.043830
      vertex -5.006944 9.974900 -18.062120
    endloop
  endfacet
  facet normal 0.002769 -0.999992 -0.002769
    outer loop
      vertex 0.743236 5.696195 -18.559020
      vertex 0.736402 5.696237 -18.581020
      vertex 0.765233 5.696237 -18.552190
    endloop
  endfacet
  facet normal -0.668311 -0.413125 -0.618619
    outer loop
      vertex -5.001305 9.373723 -18.721510
      vertex -4.984811 9.411729 -18.764710
      vertex -4.942432 8.957199 -18.506950
    endloop
  endfacet
  facet normal 0.736501 0.601036 0.310357
    outer loop
      vertex -3.371140 6.726041 -18.208050
      vertex -4.942404 8.633643 -18.173570
      vertex -3.354946 6.658376 -18.115440
    endloop
  endfacet
  facet normal 0.332620 0.788225 0.517750
    outer loop
      vertex -3.371140 6.726041 -18.208050
      vertex -3.354946 6.658376 -18.115440
      vertex -0.350205 5.696237 -18.581020
    endloop
  endfacet
  facet normal -0.321120 -0.718604 -0.616839
    outer loop
      vertex -3.371140 6.726041 -18.208050
      vertex -3.355009 6.857625 -18.369740
      vertex -0.350205 5.696237 -18.581020
    endloop
  endfacet
  facet normal -0.553423 -0.455352 -0.697408
    outer loop
      vertex -3.390775 7.303893 -18.658780
      vertex -4.942432 8.957199 -18.506950
      vertex -3.353589 7.303895 -18.688290
    endloop
  endfacet
  facet normal -0.873365 -0.454612 -0.174816
    outer loop
      vertex -4.956210 8.672702 -18.206170
      vertex -4.942404 8.633643 -18.173570
      vertex -4.955969 8.609686 -18.043500
    endloop
  endfacet
  facet normal 0.702602 0.571685 0.423707
    outer loop
      vertex -4.956210 8.672702 -18.206170
      vertex -3.371140 6.726041 -18.208050
      vertex -4.942523 8.721673 -18.294940
    endloop
  endfacet
  facet normal -0.713154 -0.580306 -0.393263
    outer loop
      vertex -4.956210 8.672702 -18.206170
      vertex -3.371140 6.726041 -18.208050
      vertex -4.942404 8.633643 -18.173570
    endloop
  endfacet
  facet normal 0.982767 -0.183851 0.019156
    outer loop
      vertex 5.353488 8.960514 -14.447600
      vertex 5.356638 8.608843 -17.984350
      vertex 5.359346 8.983042 -14.531920
    endloop
  endfacet
  facet normal -0.786899 0.613984 -0.061751
    outer loop
      vertex 5.353488 8.960514 -14.447600
      vertex 5.356638 8.608843 -17.984350
      vertex 3.728184 6.878647 -14.436000
    endloop
  endfacet
  facet normal 0.997595 -0.000002 0.069306
    outer loop
      vertex 5.353488 8.960514 -14.447600
      vertex 5.359346 8.983042 -14.531920
      vertex 5.353488 9.795990 -14.447570
    endloop
  endfacet
  facet normal -0.625714 0.485088 -0.610877
    outer loop
      vertex 5.353488 8.960514 -14.447600
      vertex 3.728184 6.878647 -14.436000
      vertex 5.334212 8.961151 -14.427350
    endloop
  endfacet
  facet normal 0.724311 -0.000025 0.689473
    outer loop
      vertex 5.353488 8.960514 -14.447600
      vertex 5.353488 9.795990 -14.447570
      vertex 5.334212 8.961151 -14.427350
    endloop
  endfacet
  facet normal -0.999938 0.000000 -0.011156
    outer loop
      vertex 5.402897 9.538694 -18.036030
      vertex 5.394585 9.374509 -17.290990
      vertex 5.402897 9.965425 -18.036030
    endloop
  endfacet
  facet normal 0.271387 -0.553474 -0.787410
    outer loop
      vertex 3.723989 6.978153 -18.452390
      vertex 3.724053 6.888286 -18.389200
      vertex 0.736402 5.696237 -18.581020
    endloop
  endfacet
  facet normal -0.269961 0.549847 0.790436
    outer loop
      vertex 3.723989 6.978153 -18.452390
      vertex 3.783143 7.303893 -18.658780
      vertex 0.736402 5.696237 -18.581020
    endloop
  endfacet
  facet normal 0.297920 -0.548930 -0.780974
    outer loop
      vertex 3.723989 6.978153 -18.452390
      vertex 3.783143 7.303893 -18.658780
      vertex 3.724053 6.888286 -18.389200
    endloop
  endfacet
  facet normal 0.643953 -0.641761 -0.416495
    outer loop
      vertex 3.724268 6.738223 -18.245460
      vertex 3.737399 6.690368 -18.151420
      vertex 3.723842 6.682664 -18.160510
    endloop
  endfacet
  facet normal -0.333268 0.789824 0.514889
    outer loop
      vertex 3.724268 6.738223 -18.245460
      vertex 0.736402 5.696237 -18.581020
      vertex 3.723842 6.682664 -18.160510
    endloop
  endfacet
  facet normal -0.306742 0.658153 0.687564
    outer loop
      vertex 3.724268 6.738223 -18.245460
      vertex 3.724053 6.888286 -18.389200
      vertex 0.736402 5.696237 -18.581020
    endloop
  endfacet
  facet normal -0.742044 0.614444 0.268010
    outer loop
      vertex 5.343067 8.642718 -18.181770
      vertex 3.737399 6.690368 -18.151420
      vertex 5.342809 8.618569 -18.127120
    endloop
  endfacet
  facet normal -0.556874 0.462530 0.689897
    outer loop
      vertex 5.343111 8.894914 -18.466270
      vertex 5.355112 9.370960 -18.775740
      vertex 3.783143 7.303893 -18.658780
    endloop
  endfacet
  facet normal -0.586546 0.497796 0.638876
    outer loop
      vertex 5.343111 8.894914 -18.466270
      vertex 3.783143 7.303893 -18.658780
      vertex 3.724053 6.888286 -18.389200
    endloop
  endfacet
  facet normal 0.635072 -0.533853 -0.558287
    outer loop
      vertex 5.343111 8.894914 -18.466270
      vertex 3.724268 6.738223 -18.245460
      vertex 3.724053 6.888286 -18.389200
    endloop
  endfacet
  facet normal -0.635911 0.534338 0.556866
    outer loop
      vertex 5.343111 8.894914 -18.466270
      vertex 3.724268 6.738223 -18.245460
      vertex 5.342929 8.765386 -18.342190
    endloop
  endfacet
  facet normal -0.998640 0.052056 -0.002830
    outer loop
      vertex 5.399654 9.393919 -18.722770
      vertex 5.356638 8.608843 -17.984350
      vertex 5.394585 9.374509 -17.290990
    endloop
  endfacet
  facet normal 0.999318 -0.036801 0.003039
    outer loop
      vertex 5.399654 9.393919 -18.722770
      vertex 5.402897 9.538694 -18.036030
      vertex 5.394585 9.374509 -17.290990
    endloop
  endfacet
  facet normal -0.999989 0.000000 0.004722
    outer loop
      vertex 5.399654 9.393919 -18.722770
      vertex 5.402897 9.538694 -18.036030
      vertex 5.402897 9.965425 -18.036030
    endloop
  endfacet
  facet normal 0.150310 0.776203 -0.612304
    outer loop
      vertex 5.342800 9.452657 -18.723200
      vertex 5.345049 9.968379 -18.068880
      vertex 5.379527 9.981463 -18.043830
    endloop
  endfacet
  facet normal -0.000022 -0.784852 0.619683
    outer loop
      vertex 5.342800 9.452657 -18.723200
      vertex -5.006944 9.974900 -18.062120
      vertex -4.938552 9.411733 -18.775390
    endloop
  endfacet
  facet normal -0.000091 -0.785376 0.619018
    outer loop
      vertex 5.342800 9.452657 -18.723200
      vertex 5.345049 9.968379 -18.068880
      vertex -5.006944 9.974900 -18.062120
    endloop
  endfacet
  facet normal -0.668793 -0.412975 -0.618197
    outer loop
      vertex -4.957789 8.977623 -18.503980
      vertex -5.001305 9.373723 -18.721510
      vertex -4.942432 8.957199 -18.506950
    endloop
  endfacet
  facet normal -0.573733 -0.477280 -0.665608
    outer loop
      vertex -3.366829 7.005672 -18.465710
      vertex -3.355009 6.857625 -18.369740
      vertex -4.942432 8.957199 -18.506950
    endloop
  endfacet
  facet normal 0.573552 0.477139 0.665865
    outer loop
      vertex -3.366829 7.005672 -18.465710
      vertex -3.390775 7.303893 -18.658780
      vertex -4.942432 8.957199 -18.506950
    endloop
  endfacet
  facet normal 0.541169 0.487412 0.685248
    outer loop
      vertex -3.366829 7.005672 -18.465710
      vertex -3.355009 6.857625 -18.369740
      vertex -3.353589 7.303895 -18.688290
    endloop
  endfacet
  facet normal -0.543036 -0.486637 -0.684321
    outer loop
      vertex -3.366829 7.005672 -18.465710
      vertex -3.390775 7.303893 -18.658780
      vertex -3.353589 7.303895 -18.688290
    endloop
  endfacet
  facet normal -0.995309 -0.090701 -0.033662
    outer loop
      vertex -5.004177 9.390956 -18.723210
      vertex -4.956210 8.672702 -18.206170
      vertex -4.955969 8.609686 -18.043500
    endloop
  endfacet
  facet normal -0.996300 -0.082481 -0.024143
    outer loop
      vertex -5.004177 9.390956 -18.723210
      vertex -4.955969 8.609686 -18.043500
      vertex -5.033878 9.539100 -18.003670
    endloop
  endfacet
  facet normal -0.999149 0.000000 -0.041243
    outer loop
      vertex -5.004177 9.390956 -18.723210
      vertex -5.033878 9.539100 -18.003670
      vertex -5.033878 9.965830 -18.003670
    endloop
  endfacet
  facet normal 0.994754 -0.055869 0.085697
    outer loop
      vertex -5.004177 9.390956 -18.723210
      vertex -5.031260 9.974265 -18.028560
      vertex -5.033878 9.965830 -18.003670
    endloop
  endfacet
  facet normal 0.914388 -0.291769 0.280653
    outer loop
      vertex -5.004177 9.390956 -18.723210
      vertex -4.984811 9.411729 -18.764710
      vertex -5.031260 9.974265 -18.028560
    endloop
  endfacet
  facet normal 0.849753 0.190123 0.491705
    outer loop
      vertex -5.004177 9.390956 -18.723210
      vertex -5.001305 9.373723 -18.721510
      vertex -4.984811 9.411729 -18.764710
    endloop
  endfacet
  facet normal 0.997517 -0.068801 -0.015039
    outer loop
      vertex 5.357395 8.665529 -18.193470
      vertex 5.399654 9.393919 -18.722770
      vertex 5.356638 8.608843 -17.984350
    endloop
  endfacet
  facet normal 0.890096 -0.440702 -0.116239
    outer loop
      vertex 5.357395 8.665529 -18.193470
      vertex 5.356638 8.608843 -17.984350
      vertex 5.342809 8.618569 -18.127120
    endloop
  endfacet
  facet normal -0.749730 0.606584 0.264501
    outer loop
      vertex 5.357395 8.665529 -18.193470
      vertex 5.343067 8.642718 -18.181770
      vertex 5.342809 8.618569 -18.127120
    endloop
  endfacet
  facet normal 0.687350 -0.570302 -0.449784
    outer loop
      vertex 5.357395 8.665529 -18.193470
      vertex 3.724268 6.738223 -18.245460
      vertex 5.342929 8.765386 -18.342190
    endloop
  endfacet
  facet normal -0.705416 0.587027 0.397225
    outer loop
      vertex 5.357395 8.665529 -18.193470
      vertex 3.724268 6.738223 -18.245460
      vertex 3.737399 6.690368 -18.151420
    endloop
  endfacet
  facet normal 0.737401 -0.610938 -0.288087
    outer loop
      vertex 5.357395 8.665529 -18.193470
      vertex 5.343067 8.642718 -18.181770
      vertex 3.737399 6.690368 -18.151420
    endloop
  endfacet
  facet normal -0.875163 -0.369854 0.311926
    outer loop
      vertex 5.377179 9.411729 -18.764710
      vertex 5.399654 9.393919 -18.722770
      vertex 5.402897 9.965425 -18.036030
    endloop
  endfacet
  facet normal 0.597457 0.628188 -0.498423
    outer loop
      vertex 5.377179 9.411729 -18.764710
      vertex 5.379527 9.981463 -18.043830
      vertex 5.402897 9.965425 -18.036030
    endloop
  endfacet
  facet normal 0.181476 0.771240 -0.610127
    outer loop
      vertex 5.377179 9.411729 -18.764710
      vertex 5.342800 9.452657 -18.723200
      vertex 5.379527 9.981463 -18.043830
    endloop
  endfacet
  facet normal 0.789221 -0.279199 -0.546971
    outer loop
      vertex 5.377179 9.411729 -18.764710
      vertex 5.393674 9.373724 -18.721510
      vertex 5.355112 9.370960 -18.775740
    endloop
  endfacet
  facet normal -0.796440 0.269608 0.541290
    outer loop
      vertex 5.377179 9.411729 -18.764710
      vertex 5.393674 9.373724 -18.721510
      vertex 5.399654 9.393919 -18.722770
    endloop
  endfacet
  facet normal 0.001000 0.260655 -0.965431
    outer loop
      vertex 5.377179 9.411729 -18.764710
      vertex 5.355112 9.370960 -18.775740
      vertex -4.938552 9.411733 -18.775390
    endloop
  endfacet
  facet normal -0.000727 -0.712382 0.701792
    outer loop
      vertex 5.377179 9.411729 -18.764710
      vertex 5.342800 9.452657 -18.723200
      vertex -4.938552 9.411733 -18.775390
    endloop
  endfacet
  facet normal 0.878419 0.300551 0.371549
    outer loop
      vertex -4.954102 8.792428 -18.362890
      vertex -4.957789 8.977623 -18.503980
      vertex -5.001305 9.373723 -18.721510
    endloop
  endfacet
  facet normal -0.970990 -0.177615 -0.160095
    outer loop
      vertex -4.954102 8.792428 -18.362890
      vertex -5.004177 9.390956 -18.723210
      vertex -5.001305 9.373723 -18.721510
    endloop
  endfacet
  facet normal 0.976186 0.165852 0.139833
    outer loop
      vertex -4.954102 8.792428 -18.362890
      vertex -5.004177 9.390956 -18.723210
      vertex -4.956210 8.672702 -18.206170
    endloop
  endfacet
  facet normal 0.764765 0.506996 0.397605
    outer loop
      vertex -4.954102 8.792428 -18.362890
      vertex -4.956210 8.672702 -18.206170
      vertex -4.942523 8.721673 -18.294940
    endloop
  endfacet
  facet normal -0.697808 -0.442817 -0.563007
    outer loop
      vertex -4.954102 8.792428 -18.362890
      vertex -4.957789 8.977623 -18.503980
      vertex -4.942432 8.957199 -18.506950
    endloop
  endfacet
  facet normal 0.606120 0.498758 0.619563
    outer loop
      vertex -4.954102 8.792428 -18.362890
      vertex -3.355009 6.857625 -18.369740
      vertex -4.942432 8.957199 -18.506950
    endloop
  endfacet
  facet normal -0.685120 -0.559766 -0.466126
    outer loop
      vertex -4.954102 8.792428 -18.362890
      vertex -3.371140 6.726041 -18.208050
      vertex -4.942523 8.721673 -18.294940
    endloop
  endfacet
  facet normal 0.663474 0.546544 0.510972
    outer loop
      vertex -4.954102 8.792428 -18.362890
      vertex -3.371140 6.726041 -18.208050
      vertex -3.355009 6.857625 -18.369740
    endloop
  endfacet
  facet normal -0.968120 0.181564 0.172563
    outer loop
      vertex 5.355845 8.926510 -18.476760
      vertex 5.357395 8.665529 -18.193470
      vertex 5.399654 9.393919 -18.722770
    endloop
  endfacet
  facet normal 0.878802 -0.284143 -0.383366
    outer loop
      vertex 5.355845 8.926510 -18.476760
      vertex 5.393674 9.373724 -18.721510
      vertex 5.399654 9.393919 -18.722770
    endloop
  endfacet
  facet normal -0.747183 0.460302 0.479417
    outer loop
      vertex 5.355845 8.926510 -18.476760
      vertex 5.343111 8.894914 -18.466270
      vertex 5.342929 8.765386 -18.342190
    endloop
  endfacet
  facet normal 0.893219 -0.328238 -0.307277
    outer loop
      vertex 5.355845 8.926510 -18.476760
      vertex 5.357395 8.665529 -18.193470
      vertex 5.342929 8.765386 -18.342190
    endloop
  endfacet
  facet normal 0.572910 -0.456827 -0.680503
    outer loop
      vertex 5.355845 8.926510 -18.476760
      vertex 5.343111 8.894914 -18.466270
      vertex 5.355112 9.370960 -18.775740
    endloop
  endfacet
  facet normal -0.770325 0.355036 0.529669
    outer loop
      vertex 5.355845 8.926510 -18.476760
      vertex 5.393674 9.373724 -18.721510
      vertex 5.355112 9.370960 -18.775740
    endloop
  endfacet
  facet normal 0.000000 0.999998 -0.001909
    outer loop
      vertex -0.357038 5.696195 -17.458750
      vertex -0.350205 5.696237 -17.436750
      vertex 0.736402 5.696237 -17.436750
    endloop
  endfacet
  facet normal 0.000000 0.999998 -0.001909
    outer loop
      vertex -0.357038 5.696195 -17.458750
      vertex 0.736402 5.696237 -17.436750
      vertex 0.743236 5.696195 -17.458750
    endloop
  endfacet
  facet normal 0.001909 0.999998 0.000000
    outer loop
      vertex -0.357038 5.696195 -18.559020
      vertex -0.379036 5.696237 -18.552190
      vertex -0.379036 5.696237 -17.465580
    endloop
  endfacet
  facet normal -0.001909 -0.999998 0.000000
    outer loop
      vertex -0.357038 5.696195 -18.559020
      vertex -0.357038 5.696195 -17.458750
      vertex -0.379036 5.696237 -17.465580
    endloop
  endfacet
  facet normal -0.000000 -0.999998 -0.001909
    outer loop
      vertex 0.743236 5.696195 -18.559020
      vertex -0.357038 5.696195 -18.559020
      vertex -0.350205 5.696237 -18.581020
    endloop
  endfacet
  facet normal 0.000000 0.999998 0.001909
    outer loop
      vertex 0.743236 5.696195 -18.559020
      vertex 0.736402 5.696237 -18.581020
      vertex -0.350205 5.696237 -18.581020
    endloop
  endfacet
  facet normal -0.001909 0.999998 0.000000
    outer loop
      vertex 0.743236 5.696195 -18.559020
      vertex 0.765233 5.696237 -17.465580
      vertex 0.765233 5.696237 -18.552190
    endloop
  endfacet
  facet normal 0.001909 -0.999998 0.000000
    outer loop
      vertex 0.743236 5.696195 -18.559020
      vertex 0.765233 5.696237 -17.465580
      vertex 0.743236 5.696195 -17.458750
    endloop
  endfacet
  facet normal 0.000000 1.000000 -0.000000
    outer loop
      vertex 0.743236 5.696195 -18.559020
      vertex -0.357038 5.696195 -17.458750
      vertex 0.743236 5.696195 -17.458750
    endloop
  endfacet
  facet normal 0.000000 1.000000 0.000000
    outer loop
      vertex 0.743236 5.696195 -18.559020
      vertex -0.357038 5.696195 -18.559020
      vertex -0.357038 5.696195 -17.458750
    endloop
  endfacet
  facet normal -0.748863 0.399252 0.528964
    outer loop
      vertex -3.373010 11.068160 -14.448650
      vertex -4.966333 9.080398 -15.204020
      vertex -3.349041 11.048980 -14.400240
    endloop
  endfacet
  facet normal -0.799604 0.545538 0.251040
    outer loop
      vertex -3.373010 11.068160 -14.448650
      vertex -4.963455 10.361630 -17.979110
      vertex -4.966333 9.080398 -15.204020
    endloop
  endfacet
  facet normal -0.652142 -0.755773 -0.059311
    outer loop
      vertex 3.754181 12.442070 -18.006650
      vertex 3.751120 12.442550 -17.979110
      vertex 1.504426 14.383220 -18.005140
    endloop
  endfacet
  facet normal -0.790373 -0.607735 -0.077256
    outer loop
      vertex 3.754181 12.442070 -18.006650
      vertex 5.354244 10.361150 -18.006650
      vertex 3.751120 12.442550 -17.979110
    endloop
  endfacet
  facet normal 0.002041 0.507762 0.861495
    outer loop
      vertex -4.942438 9.005689 -18.536060
      vertex 5.355112 9.370960 -18.775740
      vertex -4.938552 9.411733 -18.775390
    endloop
  endfacet
  facet normal 0.001412 0.520479 0.853873
    outer loop
      vertex -4.942438 9.005689 -18.536060
      vertex -1.737765 9.026410 -18.553990
      vertex 5.355112 9.370960 -18.775740
    endloop
  endfacet
  facet normal -0.621398 0.572771 0.534601
    outer loop
      vertex -3.362572 11.073240 -14.441960
      vertex -3.373010 11.068160 -14.448650
      vertex -3.349041 11.048980 -14.400240
    endloop
  endfacet
  facet normal 0.771936 -0.592990 -0.229080
    outer loop
      vertex -3.364923 12.442550 -17.979110
      vertex -3.373010 11.068160 -14.448650
      vertex -4.963455 10.361630 -17.979110
    endloop
  endfacet
  facet normal 0.213272 0.778409 0.590418
    outer loop
      vertex 0.546767 14.382460 -17.658210
      vertex 3.733615 11.072910 -14.446050
      vertex 1.504426 14.383220 -18.005140
    endloop
  endfacet
  facet normal 0.140601 0.755939 0.639365
    outer loop
      vertex 0.546767 14.382460 -17.658210
      vertex 3.720496 11.070140 -14.439890
      vertex 3.733615 11.072910 -14.446050
    endloop
  endfacet
  facet normal -0.001929 -0.697805 -0.716285
    outer loop
      vertex 0.546767 14.382460 -17.658210
      vertex 3.720496 11.070140 -14.439890
      vertex -3.349041 11.048980 -14.400240
    endloop
  endfacet
  facet normal 0.637409 0.490117 -0.594555
    outer loop
      vertex 5.377179 9.411729 -18.764710
      vertex 3.754181 12.442070 -18.006650
      vertex 5.354244 10.361150 -18.006650
    endloop
  endfacet
  facet normal 0.789221 -0.279199 -0.546971
    outer loop
      vertex 5.377179 9.411729 -18.764710
      vertex 5.393674 9.373724 -18.721510
      vertex 5.355112 9.370960 -18.775740
    endloop
  endfacet
  facet normal -0.949507 0.283590 0.134211
    outer loop
      vertex -4.993188 9.117027 -15.471410
      vertex -4.966333 9.080398 -15.204020
      vertex -5.033878 10.179200 -18.003670
    endloop
  endfacet
  facet normal 0.999871 0.000000 -0.016067
    outer loop
      vertex -4.993188 9.117027 -15.471410
      vertex -5.033878 9.539100 -18.003670
      vertex -5.033878 10.179200 -18.003670
    endloop
  endfacet
  facet normal -0.988316 -0.152125 -0.009475
    outer loop
      vertex -5.004177 9.390956 -18.723210
      vertex -4.993188 9.117027 -15.471410
      vertex -5.033878 9.539100 -18.003670
    endloop
  endfacet
  facet normal 0.986546 0.163151 0.010410
    outer loop
      vertex -5.004177 9.390956 -18.723210
      vertex -4.993188 9.117027 -15.471410
      vertex -4.942438 9.005689 -18.536060
    endloop
  endfacet
  facet normal -0.999149 0.000000 -0.041243
    outer loop
      vertex -5.004177 9.390956 -18.723210
      vertex -5.033878 9.539100 -18.003670
      vertex -5.033878 10.179200 -18.003670
    endloop
  endfacet
  facet normal -0.006748 -0.999447 0.032574
    outer loop
      vertex -4.942535 9.006102 -17.478650
      vertex 5.345848 9.021043 -14.888980
      vertex -4.966333 9.080398 -15.204020
    endloop
  endfacet
  facet normal 0.837000 0.547127 -0.009114
    outer loop
      vertex -4.942535 9.006102 -17.478650
      vertex -4.993188 9.117027 -15.471410
      vertex -4.966333 9.080398 -15.204020
    endloop
  endfacet
  facet normal -0.909104 -0.416570 0.000079
    outer loop
      vertex -4.942535 9.006102 -17.478650
      vertex -4.993188 9.117027 -15.471410
      vertex -4.942438 9.005689 -18.536060
    endloop
  endfacet
  facet normal 0.846588 -0.483566 -0.222380
    outer loop
      vertex -4.972047 10.349600 -17.985660
      vertex -4.963455 10.361630 -17.979110
      vertex -4.966333 9.080398 -15.204020
    endloop
  endfacet
  facet normal -0.874455 0.440656 0.202858
    outer loop
      vertex -4.972047 10.349600 -17.985660
      vertex -4.984161 10.333230 -18.002320
      vertex -4.966333 9.080398 -15.204020
    endloop
  endfacet
  facet normal -0.790374 0.607734 0.077256
    outer loop
      vertex -4.968046 10.361150 -18.006650
      vertex -3.364923 12.442550 -17.979110
      vertex -3.367984 12.442070 -18.006650
    endloop
  endfacet
  facet normal 0.787227 -0.604736 -0.120693
    outer loop
      vertex -4.968046 10.361150 -18.006650
      vertex -3.364923 12.442550 -17.979110
      vertex -4.963455 10.361630 -17.979110
    endloop
  endfacet
  facet normal -0.839056 0.528120 0.130668
    outer loop
      vertex -4.968046 10.361150 -18.006650
      vertex -4.972047 10.349600 -17.985660
      vertex -4.963455 10.361630 -17.979110
    endloop
  endfacet
  facet normal 0.212835 -0.779442 -0.589213
    outer loop
      vertex -1.118228 14.383220 -18.005140
      vertex -0.160569 14.382460 -17.658210
      vertex -3.349041 11.048980 -14.400240
    endloop
  endfacet
  facet normal -0.285903 0.785187 0.549309
    outer loop
      vertex -1.118228 14.383220 -18.005140
      vertex -3.362572 11.073240 -14.441960
      vertex -3.349041 11.048980 -14.400240
    endloop
  endfacet
  facet normal 0.576039 -0.747261 -0.331331
    outer loop
      vertex -1.118228 14.383220 -18.005140
      vertex -3.362572 11.073240 -14.441960
      vertex -3.373010 11.068160 -14.448650
    endloop
  endfacet
  facet normal 0.652142 -0.755774 -0.059311
    outer loop
      vertex -1.118228 14.383220 -18.005140
      vertex -3.364923 12.442550 -17.979110
      vertex -3.367984 12.442070 -18.006650
    endloop
  endfacet
  facet normal -0.625311 0.727697 0.281856
    outer loop
      vertex -1.118228 14.383220 -18.005140
      vertex -3.364923 12.442550 -17.979110
      vertex -3.373010 11.068160 -14.448650
    endloop
  endfacet
  facet normal -0.573276 -0.474192 0.668203
    outer loop
      vertex 3.721867 11.520610 -18.688290
      vertex 5.377179 9.411729 -18.764710
      vertex 3.754181 12.442070 -18.006650
    endloop
  endfacet
  facet normal 0.171460 0.169750 -0.970457
    outer loop
      vertex 3.721867 11.520610 -18.688290
      vertex 5.377179 9.411729 -18.764710
      vertex 5.355112 9.370960 -18.775740
    endloop
  endfacet
  facet normal 0.000127 0.040744 -0.999170
    outer loop
      vertex 3.721867 11.520610 -18.688290
      vertex 5.355112 9.370960 -18.775740
      vertex -4.938552 9.411733 -18.775390
    endloop
  endfacet
  facet normal 0.000248 -0.042284 0.999106
    outer loop
      vertex 3.721867 11.520610 -18.688290
      vertex -3.353589 11.479070 -18.688290
      vertex -4.938552 9.411733 -18.775390
    endloop
  endfacet
  facet normal -0.292741 0.419245 -0.859381
    outer loop
      vertex -0.160569 14.382460 -18.359560
      vertex -3.353589 11.479070 -18.688290
      vertex -1.117360 14.372820 -18.038340
    endloop
  endfacet
  facet normal 0.000000 -0.114116 0.993467
    outer loop
      vertex -0.160569 14.382460 -18.359560
      vertex 3.721867 11.520610 -18.688290
      vertex 0.546767 14.382460 -18.359560
    endloop
  endfacet
  facet normal -0.000665 0.113226 -0.993569
    outer loop
      vertex -0.160569 14.382460 -18.359560
      vertex 3.721867 11.520610 -18.688290
      vertex -3.353589 11.479070 -18.688290
    endloop
  endfacet
  facet normal 0.487880 -0.499448 0.715908
    outer loop
      vertex -3.392254 11.517070 -18.635430
      vertex -3.353589 11.479070 -18.688290
      vertex -3.367984 12.442070 -18.006650
    endloop
  endfacet
  facet normal 0.967616 0.252419 0.001795
    outer loop
      vertex 5.362557 10.333230 -18.008100
      vertex 5.358245 10.349600 -17.985660
      vertex 5.402897 10.178790 -18.036030
    endloop
  endfacet
  facet normal 0.789408 0.606783 0.093005
    outer loop
      vertex 5.350749 9.819942 -14.446050
      vertex 5.354244 10.361150 -18.006650
      vertex 3.751120 12.442550 -17.979110
    endloop
  endfacet
  facet normal -0.577799 -0.745733 -0.331709
    outer loop
      vertex 5.350749 9.819942 -14.446050
      vertex 3.733615 11.072910 -14.446050
      vertex 1.504426 14.383220 -18.005140
    endloop
  endfacet
  facet normal 0.629729 0.732500 0.258622
    outer loop
      vertex 5.350749 9.819942 -14.446050
      vertex 3.751120 12.442550 -17.979110
      vertex 1.504426 14.383220 -18.005140
    endloop
  endfacet
  facet normal -0.316065 -0.407927 -0.856562
    outer loop
      vertex 5.350749 9.819942 -14.446050
      vertex 3.720496 11.070140 -14.439890
      vertex 3.733615 11.072910 -14.446050
    endloop
  endfacet
  facet normal -0.796440 0.269608 0.541290
    outer loop
      vertex 5.399654 9.393919 -18.722770
      vertex 5.377179 9.411729 -18.764710
      vertex 5.393674 9.373724 -18.721510
    endloop
  endfacet
  facet normal 0.992230 -0.124400 0.001826
    outer loop
      vertex 5.399654 9.393919 -18.722770
      vertex 5.394585 9.374509 -17.290990
      vertex 5.345848 9.021043 -14.888980
    endloop
  endfacet
  facet normal -0.991920 0.126853 -0.001584
    outer loop
      vertex 5.399654 9.393919 -18.722770
      vertex 5.357070 9.076826 -17.449810
      vertex 5.345848 9.021043 -14.888980
    endloop
  endfacet
  facet normal 0.569654 -0.472214 0.672687
    outer loop
      vertex -4.984811 9.411729 -18.764710
      vertex -3.392254 11.517070 -18.635430
      vertex -3.367984 12.442070 -18.006650
    endloop
  endfacet
  facet normal -0.220014 0.208824 -0.952883
    outer loop
      vertex -4.984811 9.411729 -18.764710
      vertex -3.353589 11.479070 -18.688290
      vertex -4.938552 9.411733 -18.775390
    endloop
  endfacet
  facet normal -0.535842 0.449229 -0.714889
    outer loop
      vertex -4.984811 9.411729 -18.764710
      vertex -3.392254 11.517070 -18.635430
      vertex -3.353589 11.479070 -18.688290
    endloop
  endfacet
  facet normal -0.909707 0.288038 0.299111
    outer loop
      vertex 5.342877 9.058305 -18.572260
      vertex 5.399654 9.393919 -18.722770
      vertex 5.393674 9.373724 -18.721510
    endloop
  endfacet
  facet normal 0.985225 -0.170995 -0.009636
    outer loop
      vertex 5.342877 9.058305 -18.572260
      vertex 5.399654 9.393919 -18.722770
      vertex 5.357070 9.076826 -17.449810
    endloop
  endfacet
  facet normal -0.765382 0.371823 0.525299
    outer loop
      vertex 5.342877 9.058305 -18.572260
      vertex 5.393674 9.373724 -18.721510
      vertex 5.355112 9.370960 -18.775740
    endloop
  endfacet
  facet normal 0.000295 -0.545475 -0.838127
    outer loop
      vertex 5.342877 9.058305 -18.572260
      vertex -1.737765 9.026410 -18.553990
      vertex 5.355112 9.370960 -18.775740
    endloop
  endfacet
  facet normal 0.002369 -0.838213 -0.545337
    outer loop
      vertex 5.342877 9.058305 -18.572260
      vertex -4.942438 9.005689 -18.536060
      vertex -1.737765 9.026410 -18.553990
    endloop
  endfacet
  facet normal 0.869133 -0.461083 -0.178916
    outer loop
      vertex -4.985532 10.333230 -18.008980
      vertex -4.972047 10.349600 -17.985660
      vertex -4.984161 10.333230 -18.002320
    endloop
  endfacet
  facet normal 0.845553 -0.519171 -0.124505
    outer loop
      vertex -4.985532 10.333230 -18.008980
      vertex -4.968046 10.361150 -18.006650
      vertex -4.972047 10.349600 -17.985660
    endloop
  endfacet
  facet normal 0.943196 -0.300900 -0.140853
    outer loop
      vertex -4.985532 10.333230 -18.008980
      vertex -4.966333 9.080398 -15.204020
      vertex -5.033878 10.179200 -18.003670
    endloop
  endfacet
  facet normal 0.897699 -0.399983 -0.184797
    outer loop
      vertex -4.985532 10.333230 -18.008980
      vertex -4.984161 10.333230 -18.002320
      vertex -4.966333 9.080398 -15.204020
    endloop
  endfacet
  facet normal 0.292251 0.422775 -0.857817
    outer loop
      vertex 1.503558 14.372820 -18.038340
      vertex 3.721867 11.520610 -18.688290
      vertex 0.546767 14.382460 -18.359560
    endloop
  endfacet
  facet normal 0.004668 -0.999880 0.014758
    outer loop
      vertex -1.119082 14.382820 -18.031970
      vertex -0.160569 14.382460 -18.359560
      vertex -1.118228 14.383220 -18.005140
    endloop
  endfacet
  facet normal -0.283550 0.479998 -0.830181
    outer loop
      vertex -1.119082 14.382820 -18.031970
      vertex -0.160569 14.382460 -18.359560
      vertex -1.117360 14.372820 -18.038340
    endloop
  endfacet
  facet normal 0.653243 -0.757089 -0.009506
    outer loop
      vertex -1.119082 14.382820 -18.031970
      vertex -1.118228 14.383220 -18.005140
      vertex -3.367984 12.442070 -18.006650
    endloop
  endfacet
  facet normal -0.449693 0.511543 -0.732189
    outer loop
      vertex -1.119082 14.382820 -18.031970
      vertex -3.353589 11.479070 -18.688290
      vertex -3.367984 12.442070 -18.006650
    endloop
  endfacet
  facet normal 0.355599 -0.457815 0.814834
    outer loop
      vertex -1.119082 14.382820 -18.031970
      vertex -3.353589 11.479070 -18.688290
      vertex -1.117360 14.372820 -18.038340
    endloop
  endfacet
  facet normal 0.899570 0.431746 0.066103
    outer loop
      vertex 5.359346 9.818524 -14.531940
      vertex 5.358245 10.349600 -17.985660
      vertex 5.354244 10.361150 -18.006650
    endloop
  endfacet
  facet normal -0.859355 -0.505446 -0.077671
    outer loop
      vertex 5.359346 9.818524 -14.531940
      vertex 5.350749 9.819942 -14.446050
      vertex 5.354244 10.361150 -18.006650
    endloop
  endfacet
  facet normal -0.969441 -0.242519 -0.036983
    outer loop
      vertex 5.359346 9.818524 -14.531940
      vertex 5.358245 10.349600 -17.985660
      vertex 5.402897 10.178790 -18.036030
    endloop
  endfacet
  facet normal 0.999920 0.001302 0.012562
    outer loop
      vertex 5.359346 9.818524 -14.531940
      vertex 5.394585 9.374509 -17.290990
      vertex 5.402897 10.178790 -18.036030
    endloop
  endfacet
  facet normal -0.999563 0.024392 -0.016692
    outer loop
      vertex 5.359346 9.818524 -14.531940
      vertex 5.394585 9.374509 -17.290990
      vertex 5.345848 9.021043 -14.888980
    endloop
  endfacet
  facet normal 0.005565 0.014451 0.999880
    outer loop
      vertex 5.333496 9.798659 -14.430490
      vertex 3.720496 11.070140 -14.439890
      vertex -3.349041 11.048980 -14.400240
    endloop
  endfacet
  facet normal 0.302640 0.390357 0.869500
    outer loop
      vertex 5.333496 9.798659 -14.430490
      vertex 5.350749 9.819942 -14.446050
      vertex 3.720496 11.070140 -14.439890
    endloop
  endfacet
  facet normal 0.046374 0.344712 -0.937562
    outer loop
      vertex 5.333496 9.798659 -14.430490
      vertex -4.966333 9.080398 -15.204020
      vertex -3.349041 11.048980 -14.400240
    endloop
  endfacet
  facet normal 0.029223 0.508027 -0.860845
    outer loop
      vertex 5.333496 9.798659 -14.430490
      vertex 5.345848 9.021043 -14.888980
      vertex -4.966333 9.080398 -15.204020
    endloop
  endfacet
  facet normal 0.882018 0.306845 -0.357618
    outer loop
      vertex 5.362538 10.333230 -18.010150
      vertex 5.377179 9.411729 -18.764710
      vertex 5.354244 10.361150 -18.006650
    endloop
  endfacet
  facet normal 0.888066 0.299613 -0.348669
    outer loop
      vertex 5.362538 10.333230 -18.010150
      vertex 5.399654 9.393919 -18.722770
      vertex 5.377179 9.411729 -18.764710
    endloop
  endfacet
  facet normal -0.895887 -0.290454 0.336188
    outer loop
      vertex 5.362538 10.333230 -18.010150
      vertex 5.399654 9.393919 -18.722770
      vertex 5.402897 10.178790 -18.036030
    endloop
  endfacet
  facet normal 0.967102 0.254230 -0.008963
    outer loop
      vertex 5.362538 10.333230 -18.010150
      vertex 5.362557 10.333230 -18.008100
      vertex 5.402897 10.178790 -18.036030
    endloop
  endfacet
  facet normal -0.957478 -0.287480 0.024320
    outer loop
      vertex 5.362538 10.333230 -18.010150
      vertex 5.358245 10.349600 -17.985660
      vertex 5.354244 10.361150 -18.006650
    endloop
  endfacet
  facet normal -0.963892 -0.266144 0.008934
    outer loop
      vertex 5.362538 10.333230 -18.010150
      vertex 5.362557 10.333230 -18.008100
      vertex 5.358245 10.349600 -17.985660
    endloop
  endfacet
  facet normal -0.999938 0.000000 -0.011156
    outer loop
      vertex 5.402897 9.538694 -18.036030
      vertex 5.394585 9.374509 -17.290990
      vertex 5.402897 10.178790 -18.036030
    endloop
  endfacet
  facet normal 0.999989 0.000000 -0.004722
    outer loop
      vertex 5.402897 9.538694 -18.036030
      vertex 5.399654 9.393919 -18.722770
      vertex 5.402897 10.178790 -18.036030
    endloop
  endfacet
  facet normal -0.999318 0.036801 -0.003039
    outer loop
      vertex 5.402897 9.538694 -18.036030
      vertex 5.399654 9.393919 -18.722770
      vertex 5.394585 9.374509 -17.290990
    endloop
  endfacet
  facet normal 0.046753 0.506890 0.860742
    outer loop
      vertex -4.942547 9.380619 -18.756850
      vertex -4.942438 9.005689 -18.536060
      vertex -4.938552 9.411733 -18.775390
    endloop
  endfacet
  facet normal -0.196927 -0.483080 -0.853143
    outer loop
      vertex -4.942547 9.380619 -18.756850
      vertex -4.984811 9.411729 -18.764710
      vertex -4.938552 9.411733 -18.775390
    endloop
  endfacet
  facet normal 0.208611 0.496316 0.842705
    outer loop
      vertex -4.942547 9.380619 -18.756850
      vertex -4.984811 9.411729 -18.764710
      vertex -4.942438 9.005689 -18.536060
    endloop
  endfacet
  facet normal 0.986002 0.165934 0.016319
    outer loop
      vertex -5.001305 9.373723 -18.721510
      vertex -5.004177 9.390956 -18.723210
      vertex -4.942438 9.005689 -18.536060
    endloop
  endfacet
  facet normal -0.662033 -0.419013 -0.621402
    outer loop
      vertex -5.001305 9.373723 -18.721510
      vertex -4.984811 9.411729 -18.764710
      vertex -4.942438 9.005689 -18.536060
    endloop
  endfacet
  facet normal 0.849753 0.190123 0.491705
    outer loop
      vertex -5.001305 9.373723 -18.721510
      vertex -4.984811 9.411729 -18.764710
      vertex -5.004177 9.390956 -18.723210
    endloop
  endfacet
  facet normal -0.693354 0.533134 -0.484797
    outer loop
      vertex -4.983578 10.333230 -18.015140
      vertex -4.968046 10.361150 -18.006650
      vertex -3.367984 12.442070 -18.006650
    endloop
  endfacet
  facet normal 0.634295 -0.488350 0.599320
    outer loop
      vertex -4.983578 10.333230 -18.015140
      vertex -4.984811 9.411729 -18.764710
      vertex -3.367984 12.442070 -18.006650
    endloop
  endfacet
  facet normal -0.809321 0.528293 -0.256723
    outer loop
      vertex -4.983578 10.333230 -18.015140
      vertex -4.985532 10.333230 -18.008980
      vertex -4.968046 10.361150 -18.006650
    endloop
  endfacet
  facet normal -0.994987 0.044335 -0.089640
    outer loop
      vertex -5.031260 10.187630 -18.028560
      vertex -5.004177 9.390956 -18.723210
      vertex -5.033878 10.179200 -18.003670
    endloop
  endfacet
  facet normal -0.920277 0.238899 -0.309866
    outer loop
      vertex -5.031260 10.187630 -18.028560
      vertex -4.984811 9.411729 -18.764710
      vertex -5.004177 9.390956 -18.723210
    endloop
  endfacet
  facet normal -0.863622 0.318819 -0.390527
    outer loop
      vertex -5.031260 10.187630 -18.028560
      vertex -4.983578 10.333230 -18.015140
      vertex -4.984811 9.411729 -18.764710
    endloop
  endfacet
  facet normal 0.954095 -0.299503 -0.001084
    outer loop
      vertex -5.031260 10.187630 -18.028560
      vertex -4.985532 10.333230 -18.008980
      vertex -5.033878 10.179200 -18.003670
    endloop
  endfacet
  facet normal 0.902450 -0.321925 0.286264
    outer loop
      vertex -5.031260 10.187630 -18.028560
      vertex -4.983578 10.333230 -18.015140
      vertex -4.985532 10.333230 -18.008980
    endloop
  endfacet
  facet normal 0.981227 -0.192637 -0.009229
    outer loop
      vertex 5.342914 9.006102 -17.478650
      vertex 5.342877 9.058305 -18.572260
      vertex 5.357070 9.076826 -17.449810
    endloop
  endfacet
  facet normal 0.980549 -0.196274 0.000021
    outer loop
      vertex 5.342914 9.006102 -17.478650
      vertex 5.357070 9.076826 -17.449810
      vertex 5.345848 9.021043 -14.888980
    endloop
  endfacet
  facet normal -0.004942 0.998850 0.047680
    outer loop
      vertex 5.342914 9.006102 -17.478650
      vertex 5.342877 9.058305 -18.572260
      vertex -4.942438 9.005689 -18.536060
    endloop
  endfacet
  facet normal 0.004668 0.999880 -0.014758
    outer loop
      vertex 1.505279 14.382820 -18.031970
      vertex 0.546767 14.382460 -18.359560
      vertex 1.504426 14.383220 -18.005140
    endloop
  endfacet
  facet normal 0.283546 0.480020 -0.830170
    outer loop
      vertex 1.505279 14.382820 -18.031970
      vertex 1.503558 14.372820 -18.038340
      vertex 0.546767 14.382460 -18.359560
    endloop
  endfacet
  facet normal -0.653243 -0.757089 -0.009481
    outer loop
      vertex 1.505279 14.382820 -18.031970
      vertex 3.754181 12.442070 -18.006650
      vertex 1.504426 14.383220 -18.005140
    endloop
  endfacet
  facet normal -0.455944 -0.518905 0.723085
    outer loop
      vertex 1.505279 14.382820 -18.031970
      vertex 3.721867 11.520610 -18.688290
      vertex 3.754181 12.442070 -18.006650
    endloop
  endfacet
  facet normal -0.351410 -0.459224 0.815858
    outer loop
      vertex 1.505279 14.382820 -18.031970
      vertex 1.503558 14.372820 -18.038340
      vertex 3.721867 11.520610 -18.688290
    endloop
  endfacet
  facet normal -0.997410 0.042772 -0.057829
    outer loop
      vertex 5.353488 9.795990 -14.447570
      vertex 5.359346 9.818524 -14.531940
      vertex 5.345848 9.021043 -14.888980
    endloop
  endfacet
  facet normal 0.989491 0.106979 0.097275
    outer loop
      vertex 5.353488 9.795990 -14.447570
      vertex 5.359346 9.818524 -14.531940
      vertex 5.350749 9.819942 -14.446050
    endloop
  endfacet
  facet normal 0.558427 -0.414730 0.718442
    outer loop
      vertex 5.353488 9.795990 -14.447570
      vertex 5.333496 9.798659 -14.430490
      vertex 5.345848 9.021043 -14.888980
    endloop
  endfacet
  facet normal -0.651369 -0.026364 -0.758303
    outer loop
      vertex 5.353488 9.795990 -14.447570
      vertex 5.333496 9.798659 -14.430490
      vertex 5.350749 9.819942 -14.446050
    endloop
  endfacet
  facet normal 0.000000 0.698960 0.715160
    outer loop
      vertex 0.546767 14.382460 -17.658210
      vertex -0.160569 14.382460 -17.658210
      vertex -3.349041 11.048980 -14.400240
    endloop
  endfacet
  facet normal -0.000000 0.999998 0.002191
    outer loop
      vertex -1.118228 14.383220 -18.005140
      vertex 0.546767 14.382460 -17.658210
      vertex 1.504426 14.383220 -18.005140
    endloop
  endfacet
  facet normal 0.000000 -0.999998 -0.002191
    outer loop
      vertex -1.118228 14.383220 -18.005140
      vertex 0.546767 14.382460 -17.658210
      vertex -0.160569 14.382460 -17.658210
    endloop
  endfacet
  facet normal 0.000000 0.999998 -0.002144
    outer loop
      vertex -0.160569 14.382460 -18.359560
      vertex -1.118228 14.383220 -18.005140
      vertex 1.504426 14.383220 -18.005140
    endloop
  endfacet
  facet normal 0.000000 -0.999998 0.002144
    outer loop
      vertex -0.160569 14.382460 -18.359560
      vertex 0.546767 14.382460 -18.359560
      vertex 1.504426 14.383220 -18.005140
    endloop
  endfacet
  facet normal 0.000000 0.999983 -0.005769
    outer loop
      vertex 5.342914 9.006102 -17.478650
      vertex -4.942535 9.006102 -17.478650
      vertex 5.345848 9.021043 -14.888980
    endloop
  endfacet
  facet normal 0.000000 -1.000000 0.000391
    outer loop
      vertex 5.342914 9.006102 -17.478650
      vertex -4.942535 9.006102 -17.478650
      vertex -4.942438 9.005689 -18.536060
    endloop
  endfacet
  facet normal -0.994186 -0.107675 -0.000372
    outer loop
      vertex 1.408976 1.147162 11.511850
      vertex 1.287238 2.263578 13.716990
      vertex 1.285257 2.289081 11.629980
    endloop
  endfacet
  facet normal 0.702342 0.115562 -0.702397
    outer loop
      vertex 1.408976 1.147162 11.511850
      vertex 1.503852 -0.002018 11.417650
      vertex 1.453438 -0.002018 11.367240
    endloop
  endfacet
  facet normal 0.996188 -0.085554 -0.017049
    outer loop
      vertex -1.115914 0.021699 13.921040
      vertex -1.023153 1.119358 13.832950
      vertex -1.117655 -0.002018 13.938330
    endloop
  endfacet
  facet normal -0.750207 -0.147946 0.644439
    outer loop
      vertex 1.284536 2.286421 11.628530
      vertex 1.408976 1.147162 11.511850
      vertex 1.285257 2.289081 11.629980
    endloop
  endfacet
  facet normal -0.699335 -0.148008 0.699302
    outer loop
      vertex 1.284536 2.286421 11.628530
      vertex 1.242558 2.286421 11.586550
      vertex 1.408976 1.147162 11.511850
    endloop
  endfacet
  facet normal -0.702387 0.115011 -0.702442
    outer loop
      vertex -1.022881 1.137519 11.509460
      vertex -1.067241 -0.002018 11.367240
      vertex -1.117655 -0.002018 11.417650
    endloop
  endfacet
  facet normal -0.685009 0.116422 -0.719173
    outer loop
      vertex -1.022881 1.137519 11.509460
      vertex -0.974274 1.142201 11.463920
      vertex -1.067241 -0.002018 11.367240
    endloop
  endfacet
  facet normal -0.684975 0.147158 -0.713551
    outer loop
      vertex -1.022881 1.137519 11.509460
      vertex -0.899249 2.283800 11.627180
      vertex -0.856360 2.286421 11.586550
    endloop
  endfacet
  facet normal 0.683782 -0.147063 0.714713
    outer loop
      vertex -1.022881 1.137519 11.509460
      vertex -0.974274 1.142201 11.463920
      vertex -0.856360 2.286421 11.586550
    endloop
  endfacet
  facet normal -0.996444 0.084251 0.000542
    outer loop
      vertex -1.022881 1.137519 11.509460
      vertex -1.115914 0.021699 13.921040
      vertex -1.023153 1.119358 13.832950
    endloop
  endfacet
  facet normal 0.702387 -0.115006 -0.702443
    outer loop
      vertex -0.975435 1.137520 13.893970
      vertex -1.067241 -0.002018 13.988740
      vertex -1.117655 -0.002018 13.938330
    endloop
  endfacet
  facet normal -0.687092 -0.236127 -0.687131
    outer loop
      vertex 0.961442 4.574860 13.416780
      vertex 0.931890 4.574860 13.446330
      vertex 0.760978 5.719080 13.224030
    endloop
  endfacet
  facet normal 0.994295 0.106662 0.000891
    outer loop
      vertex 1.404888 1.165919 13.828720
      vertex 1.408976 1.147162 11.511850
      vertex 1.287238 2.263578 13.716990
    endloop
  endfacet
  facet normal -0.993935 -0.108411 -0.018456
    outer loop
      vertex 1.404888 1.165919 13.828720
      vertex 1.407166 1.142201 13.845360
      vertex 1.287238 2.263578 13.716990
    endloop
  endfacet
  facet normal 0.995353 0.096284 0.000977
    outer loop
      vertex 1.404888 1.165919 13.828720
      vertex 1.407166 1.142201 13.845360
      vertex 1.408976 1.147162 11.511850
    endloop
  endfacet
  facet normal 0.997315 0.073226 0.000025
    outer loop
      vertex 1.503300 0.005517 13.886540
      vertex 1.502111 0.021699 13.921040
      vertex 1.503852 -0.002018 13.938330
    endloop
  endfacet
  facet normal -0.996415 -0.083419 0.014098
    outer loop
      vertex 1.502111 0.021699 11.434940
      vertex 1.408976 1.147162 11.511850
      vertex 1.503852 -0.002018 11.417650
    endloop
  endfacet
  facet normal -0.996593 -0.082471 0.000000
    outer loop
      vertex 1.502111 0.021699 11.434940
      vertex 1.502111 0.021699 13.921040
      vertex 1.408976 1.147162 11.511850
    endloop
  endfacet
  facet normal 0.996171 0.085616 0.017721
    outer loop
      vertex 1.409350 1.119358 13.832950
      vertex 1.407166 1.142201 13.845360
      vertex 1.503852 -0.002018 13.938330
    endloop
  endfacet
  facet normal -0.996188 -0.085554 -0.017049
    outer loop
      vertex 1.409350 1.119358 13.832950
      vertex 1.502111 0.021699 13.921040
      vertex 1.503852 -0.002018 13.938330
    endloop
  endfacet
  facet normal -0.995510 -0.094651 -0.000973
    outer loop
      vertex 1.409350 1.119358 13.832950
      vertex 1.407166 1.142201 13.845360
      vertex 1.408976 1.147162 11.511850
    endloop
  endfacet
  facet normal 0.996442 0.084276 0.000849
    outer loop
      vertex 1.409350 1.119358 13.832950
      vertex 1.502111 0.021699 13.921040
      vertex 1.408976 1.147162 11.511850
    endloop
  endfacet
  facet normal -0.019540 0.108533 -0.993901
    outer loop
      vertex -0.845905 2.263578 11.583850
      vertex -0.974274 1.142201 11.463920
      vertex -0.856360 2.286421 11.586550
    endloop
  endfacet
  facet normal 0.692048 0.116422 -0.712401
    outer loop
      vertex 1.360471 1.142201 11.463920
      vertex 1.408976 1.147162 11.511850
      vertex 1.453438 -0.002018 11.367240
    endloop
  endfacet
  facet normal 0.687585 0.147063 -0.711055
    outer loop
      vertex 1.360471 1.142201 11.463920
      vertex 1.242558 2.286421 11.586550
      vertex 1.408976 1.147162 11.511850
    endloop
  endfacet
  facet normal -0.996171 0.085616 0.017721
    outer loop
      vertex -1.020969 1.142201 13.845360
      vertex -1.023153 1.119358 13.832950
      vertex -1.117655 -0.002018 13.938330
    endloop
  endfacet
  facet normal 0.719239 -0.116428 -0.684938
    outer loop
      vertex -1.020969 1.142201 13.845360
      vertex -0.975435 1.137520 13.893970
      vertex -1.117655 -0.002018 13.938330
    endloop
  endfacet
  facet normal 0.714781 -0.147061 -0.683712
    outer loop
      vertex -1.020969 1.142201 13.845360
      vertex -0.898339 2.286421 13.727450
      vertex -0.975435 1.137520 13.893970
    endloop
  endfacet
  facet normal -0.995492 0.094839 0.000625
    outer loop
      vertex -1.020969 1.142201 13.845360
      vertex -1.022881 1.137519 11.509460
      vertex -1.023153 1.119358 13.832950
    endloop
  endfacet
  facet normal -0.000061 0.073210 0.997317
    outer loop
      vertex -1.049950 0.021699 13.987000
      vertex -1.067241 -0.002018 13.988740
      vertex -1.015446 0.005517 13.988190
    endloop
  endfacet
  facet normal -0.015061 0.084075 0.996346
    outer loop
      vertex -1.049950 0.021699 13.987000
      vertex -0.975435 1.137520 13.893970
      vertex -1.067241 -0.002018 13.988740
    endloop
  endfacet
  facet normal -0.014155 -0.083419 -0.996414
    outer loop
      vertex 1.359237 1.147163 13.893870
      vertex 1.453438 -0.002018 13.988740
      vertex 1.436148 0.021699 13.987000
    endloop
  endfacet
  facet normal 0.000000 0.082466 0.996594
    outer loop
      vertex 1.359237 1.147163 13.893870
      vertex -1.049950 0.021699 13.987000
      vertex 1.436148 0.021699 13.987000
    endloop
  endfacet
  facet normal 0.000301 -0.083105 -0.996541
    outer loop
      vertex 1.359237 1.147163 13.893870
      vertex -1.049950 0.021699 13.987000
      vertex -0.975435 1.137520 13.893970
    endloop
  endfacet
  facet normal 0.645404 0.147954 0.749375
    outer loop
      vertex 1.359237 1.147163 13.893870
      vertex 1.242558 2.286421 13.769430
      vertex 1.241112 2.289082 13.770150
    endloop
  endfacet
  facet normal 0.702342 0.115559 0.702398
    outer loop
      vertex 1.359237 1.147163 13.893870
      vertex 1.453438 -0.002018 13.988740
      vertex 1.503852 -0.002018 13.938330
    endloop
  endfacet
  facet normal -0.712445 -0.116428 -0.692002
    outer loop
      vertex 1.359237 1.147163 13.893870
      vertex 1.407166 1.142201 13.845360
      vertex 1.503852 -0.002018 13.938330
    endloop
  endfacet
  facet normal 0.000061 0.073210 0.997317
    outer loop
      vertex 1.401644 0.005517 13.988190
      vertex 1.453438 -0.002018 13.988740
      vertex 1.436148 0.021699 13.987000
    endloop
  endfacet
  facet normal 0.687088 0.236128 0.687135
    outer loop
      vertex 0.739136 5.719080 13.245870
      vertex 0.931890 4.574860 13.446330
      vertex 0.760978 5.719080 13.224030
    endloop
  endfacet
  facet normal -0.642491 -0.417510 -0.642566
    outer loop
      vertex 0.739136 5.719080 13.245870
      vertex 0.728155 5.742797 13.241440
      vertex 0.756548 5.742797 13.213050
    endloop
  endfacet
  facet normal -0.642515 -0.417483 -0.642559
    outer loop
      vertex 0.739136 5.719080 13.245870
      vertex 0.756548 5.742797 13.213050
      vertex 0.760978 5.719080 13.224030
    endloop
  endfacet
  facet normal 0.691776 0.206972 0.691816
    outer loop
      vertex 1.135961 3.430641 13.584590
      vertex 0.961442 4.574860 13.416780
      vertex 0.931890 4.574860 13.446330
    endloop
  endfacet
  facet normal -0.642491 -0.417510 0.642566
    outer loop
      vertex 0.739136 5.719080 12.110110
      vertex 0.756548 5.742797 12.142930
      vertex 0.728155 5.742797 12.114540
    endloop
  endfacet
  facet normal -0.687088 -0.236128 0.687135
    outer loop
      vertex 0.760978 5.719080 12.131950
      vertex 0.739136 5.719080 12.110110
      vertex 0.931890 4.574860 11.909650
    endloop
  endfacet
  facet normal 0.642515 0.417483 -0.642559
    outer loop
      vertex 0.760978 5.719080 12.131950
      vertex 0.739136 5.719080 12.110110
      vertex 0.756548 5.742797 12.142930
    endloop
  endfacet
  facet normal -0.982997 -0.183621 0.000051
    outer loop
      vertex 0.760978 5.719080 12.131950
      vertex 0.759571 5.726615 12.155470
      vertex 0.756548 5.742797 12.142930
    endloop
  endfacet
  facet normal 0.997315 -0.073226 -0.000025
    outer loop
      vertex -1.117103 0.005517 13.886540
      vertex -1.115914 0.021699 13.921040
      vertex -1.117655 -0.002018 13.938330
    endloop
  endfacet
  facet normal 0.996542 -0.083088 0.000000
    outer loop
      vertex -1.115914 0.021699 11.434940
      vertex -1.022881 1.137519 11.509460
      vertex -1.115914 0.021699 13.921040
    endloop
  endfacet
  facet normal 0.997315 -0.073226 0.000025
    outer loop
      vertex -1.115914 0.021699 11.434940
      vertex -1.117103 0.005517 11.469450
      vertex -1.117655 -0.002018 11.417650
    endloop
  endfacet
  facet normal -0.996347 0.084074 -0.015002
    outer loop
      vertex -1.115914 0.021699 11.434940
      vertex -1.022881 1.137519 11.509460
      vertex -1.117655 -0.002018 11.417650
    endloop
  endfacet
  facet normal -0.997315 -0.073226 0.000025
    outer loop
      vertex 1.503300 0.005517 11.469450
      vertex 1.502111 0.021699 11.434940
      vertex 1.503852 -0.002018 11.417650
    endloop
  endfacet
  facet normal -0.000068 0.117350 -0.993091
    outer loop
      vertex -0.814384 2.279760 11.585760
      vertex -0.845905 2.263578 11.583850
      vertex -0.856360 2.286421 11.586550
    endloop
  endfacet
  facet normal -0.019540 -0.108533 0.993901
    outer loop
      vertex 1.232102 2.263578 11.583850
      vertex 1.360471 1.142201 11.463920
      vertex 1.242558 2.286421 11.586550
    endloop
  endfacet
  facet normal 0.993001 -0.118102 -0.000283
    outer loop
      vertex -0.895522 2.310138 13.711750
      vertex -0.898339 2.286421 13.727450
      vertex -0.899249 2.283800 11.627180
    endloop
  endfacet
  facet normal 0.995373 -0.096079 -0.000622
    outer loop
      vertex -1.018690 1.165919 13.828720
      vertex -1.020969 1.142201 13.845360
      vertex -1.022881 1.137519 11.509460
    endloop
  endfacet
  facet normal 0.994236 -0.107215 -0.000185
    outer loop
      vertex -0.901041 2.263578 13.716990
      vertex -1.022881 1.137519 11.509460
      vertex -0.899249 2.283800 11.627180
    endloop
  endfacet
  facet normal -0.993092 0.117339 0.000284
    outer loop
      vertex -0.901041 2.263578 13.716990
      vertex -0.898339 2.286421 13.727450
      vertex -0.899249 2.283800 11.627180
    endloop
  endfacet
  facet normal 0.994300 -0.106621 -0.000491
    outer loop
      vertex -0.901041 2.263578 13.716990
      vertex -1.018690 1.165919 13.828720
      vertex -1.022881 1.137519 11.509460
    endloop
  endfacet
  facet normal -0.993896 0.108548 0.019688
    outer loop
      vertex -0.901041 2.263578 13.716990
      vertex -1.020969 1.142201 13.845360
      vertex -0.898339 2.286421 13.727450
    endloop
  endfacet
  facet normal -0.993937 0.108404 0.018385
    outer loop
      vertex -0.901041 2.263578 13.716990
      vertex -1.018690 1.165919 13.828720
      vertex -1.020969 1.142201 13.845360
    endloop
  endfacet
  facet normal 0.709046 -0.177283 -0.682513
    outer loop
      vertex -0.857709 2.283800 13.770340
      vertex -0.898339 2.286421 13.727450
      vertex -0.749764 3.430641 13.584590
    endloop
  endfacet
  facet normal -0.713568 0.147160 0.684956
    outer loop
      vertex -0.857709 2.283800 13.770340
      vertex -0.898339 2.286421 13.727450
      vertex -0.975435 1.137520 13.893970
    endloop
  endfacet
  facet normal -0.000181 0.107695 0.994184
    outer loop
      vertex -0.857709 2.283800 13.770340
      vertex 1.359237 1.147163 13.893870
      vertex 1.241112 2.289082 13.770150
    endloop
  endfacet
  facet normal 0.000400 -0.107272 -0.994230
    outer loop
      vertex -0.857709 2.283800 13.770340
      vertex 1.359237 1.147163 13.893870
      vertex -0.975435 1.137520 13.893970
    endloop
  endfacet
  facet normal -0.038547 -0.178734 -0.983142
    outer loop
      vertex 0.736402 5.696237 13.250130
      vertex 0.739136 5.719080 13.245870
      vertex 0.931890 4.574860 13.446330
    endloop
  endfacet
  facet normal -0.983187 -0.178631 -0.037872
    outer loop
      vertex 0.765233 5.696237 13.221290
      vertex 0.961442 4.574860 13.416780
      vertex 0.760978 5.719080 13.224030
    endloop
  endfacet
  facet normal -0.983746 -0.177196 -0.029075
    outer loop
      vertex 0.765233 5.696237 13.221290
      vertex 0.957550 4.598577 13.403920
      vertex 0.961442 4.574860 13.416780
    endloop
  endfacet
  facet normal 0.983085 0.183150 0.000045
    outer loop
      vertex 0.765233 5.696237 13.221290
      vertex 0.762220 5.712418 13.202960
      vertex 0.760978 5.719080 13.224030
    endloop
  endfacet
  facet normal -0.712114 -0.177281 0.679312
    outer loop
      vertex 1.135961 3.430641 11.771390
      vertex 1.284536 2.286421 11.628530
      vertex 1.285257 2.289081 11.629980
    endloop
  endfacet
  facet normal -0.691758 -0.206971 0.691834
    outer loop
      vertex 1.135961 3.430641 11.771390
      vertex 0.931890 4.574860 11.909650
      vertex 1.099697 3.430641 11.735130
    endloop
  endfacet
  facet normal 0.695927 0.177250 -0.695894
    outer loop
      vertex 1.135961 3.430641 11.771390
      vertex 1.284536 2.286421 11.628530
      vertex 1.242558 2.286421 11.586550
    endloop
  endfacet
  facet normal -0.695872 -0.177253 0.695948
    outer loop
      vertex 1.135961 3.430641 11.771390
      vertex 1.099697 3.430641 11.735130
      vertex 1.242558 2.286421 11.586550
    endloop
  endfacet
  facet normal 0.993103 0.117245 0.000490
    outer loop
      vertex 1.284536 2.286421 13.727450
      vertex 1.287238 2.263578 13.716990
      vertex 1.285257 2.289081 11.629980
    endloop
  endfacet
  facet normal 0.695927 0.177250 0.695894
    outer loop
      vertex 1.284536 2.286421 13.727450
      vertex 1.135961 3.430641 13.584590
      vertex 1.242558 2.286421 13.769430
    endloop
  endfacet
  facet normal 0.993896 0.108548 0.019689
    outer loop
      vertex 1.284536 2.286421 13.727450
      vertex 1.407166 1.142201 13.845360
      vertex 1.287238 2.263578 13.716990
    endloop
  endfacet
  facet normal 0.711099 0.147061 0.687540
    outer loop
      vertex 1.284536 2.286421 13.727450
      vertex 1.359237 1.147163 13.893870
      vertex 1.407166 1.142201 13.845360
    endloop
  endfacet
  facet normal -0.699336 -0.148008 -0.699302
    outer loop
      vertex 1.284536 2.286421 13.727450
      vertex 1.359237 1.147163 13.893870
      vertex 1.242558 2.286421 13.769430
    endloop
  endfacet
  facet normal 0.982997 0.183621 0.000051
    outer loop
      vertex 0.759571 5.726615 13.200510
      vertex 0.756548 5.742797 13.213050
      vertex 0.760978 5.719080 13.224030
    endloop
  endfacet
  facet normal 0.022763 0.131533 -0.991050
    outer loop
      vertex 1.091506 3.407797 11.731910
      vertex 1.099697 3.430641 11.735130
      vertex 1.242558 2.286421 11.586550
    endloop
  endfacet
  facet normal -0.020166 -0.131196 0.991151
    outer loop
      vertex 1.091506 3.407797 11.731910
      vertex 1.226862 2.310138 11.589370
      vertex 1.242558 2.286421 11.586550
    endloop
  endfacet
  facet normal 0.020167 -0.131196 0.991151
    outer loop
      vertex -0.840665 2.310138 11.589370
      vertex -0.705309 3.407797 11.731910
      vertex -0.856360 2.286421 11.586550
    endloop
  endfacet
  facet normal -0.000025 0.182911 -0.983130
    outer loop
      vertex -0.352939 5.719080 12.110110
      vertex -0.331865 5.712418 12.108870
      vertex -0.350205 5.696237 12.105860
    endloop
  endfacet
  facet normal 0.000061 -0.073210 0.997317
    outer loop
      vertex -1.015446 0.005517 11.367790
      vertex -1.049950 0.021699 11.368980
      vertex -1.067241 -0.002018 11.367240
    endloop
  endfacet
  facet normal -0.000061 -0.073210 0.997317
    outer loop
      vertex 1.436148 0.021699 11.368980
      vertex 1.401644 0.005517 11.367790
      vertex 1.453438 -0.002018 11.367240
    endloop
  endfacet
  facet normal -0.000068 -0.117350 0.993091
    outer loop
      vertex 1.200581 2.279760 11.585760
      vertex 1.232102 2.263578 11.583850
      vertex 1.242558 2.286421 11.586550
    endloop
  endfacet
  facet normal 0.018306 -0.108396 0.993939
    outer loop
      vertex -0.957626 1.165919 11.466200
      vertex -0.845905 2.263578 11.583850
      vertex -0.974274 1.142201 11.463920
    endloop
  endfacet
  facet normal -0.991051 0.131528 0.022765
    outer loop
      vertex -0.752984 3.407797 13.576400
      vertex -0.898339 2.286421 13.727450
      vertex -0.749764 3.430641 13.584590
    endloop
  endfacet
  facet normal -0.991141 0.131227 0.020444
    outer loop
      vertex -0.752984 3.407797 13.576400
      vertex -0.895522 2.310138 13.711750
      vertex -0.898339 2.286421 13.727450
    endloop
  endfacet
  facet normal 0.991671 -0.128793 -0.000145
    outer loop
      vertex -0.752984 3.407797 13.576400
      vertex -0.895522 2.310138 13.711750
      vertex -0.899249 2.283800 11.627180
    endloop
  endfacet
  facet normal 0.695752 -0.178188 -0.695829
    outer loop
      vertex -0.713500 3.430641 13.620850
      vertex -0.857709 2.283800 13.770340
      vertex -0.749764 3.430641 13.584590
    endloop
  endfacet
  facet normal -0.983746 0.177196 0.029075
    outer loop
      vertex -0.571353 4.598577 13.403920
      vertex -0.575244 4.574860 13.416780
      vertex -0.379036 5.696237 13.221290
    endloop
  endfacet
  facet normal 0.691758 0.206971 0.691834
    outer loop
      vertex 1.099697 3.430641 13.620850
      vertex 1.135961 3.430641 13.584590
      vertex 0.931890 4.574860 13.446330
    endloop
  endfacet
  facet normal -0.028184 -0.154758 -0.987550
    outer loop
      vertex 1.099697 3.430641 13.620850
      vertex 0.926273 4.552017 13.450070
      vertex 0.931890 4.574860 13.446330
    endloop
  endfacet
  facet normal 0.024036 0.154147 0.987755
    outer loop
      vertex 1.099697 3.430641 13.620850
      vertex 0.926273 4.552017 13.450070
      vertex 1.085263 3.454358 13.617500
    endloop
  endfacet
  facet normal 0.020891 0.132197 0.991003
    outer loop
      vertex 1.099697 3.430641 13.620850
      vertex 1.091506 3.407797 13.624070
      vertex 1.241112 2.289082 13.770150
    endloop
  endfacet
  facet normal -0.680340 -0.177286 -0.711131
    outer loop
      vertex 1.099697 3.430641 13.620850
      vertex 1.242558 2.286421 13.769430
      vertex 1.241112 2.289082 13.770150
    endloop
  endfacet
  facet normal -0.695872 -0.177253 -0.695948
    outer loop
      vertex 1.099697 3.430641 13.620850
      vertex 1.135961 3.430641 13.584590
      vertex 1.242558 2.286421 13.769430
    endloop
  endfacet
  facet normal -0.691776 0.206973 -0.691816
    outer loop
      vertex -0.545693 4.574860 11.909650
      vertex -0.749764 3.430641 11.771390
      vertex -0.575244 4.574860 11.939200
    endloop
  endfacet
  facet normal -0.037057 0.178500 -0.983242
    outer loop
      vertex -0.545693 4.574860 11.909650
      vertex -0.352939 5.719080 12.110110
      vertex -0.350205 5.696237 12.105860
    endloop
  endfacet
  facet normal -0.028184 0.154758 0.987550
    outer loop
      vertex -0.545693 4.574860 13.446330
      vertex -0.713500 3.430641 13.620850
      vertex -0.540076 4.552017 13.450070
    endloop
  endfacet
  facet normal -0.691776 0.206973 0.691816
    outer loop
      vertex -0.545693 4.574860 13.446330
      vertex -0.575244 4.574860 13.416780
      vertex -0.749764 3.430641 13.584590
    endloop
  endfacet
  facet normal 0.691758 -0.206972 -0.691834
    outer loop
      vertex -0.545693 4.574860 13.446330
      vertex -0.713500 3.430641 13.620850
      vertex -0.749764 3.430641 13.584590
    endloop
  endfacet
  facet normal 0.983186 -0.178634 -0.037887
    outer loop
      vertex -0.374780 5.719080 13.224030
      vertex -0.575244 4.574860 13.416780
      vertex -0.379036 5.696237 13.221290
    endloop
  endfacet
  facet normal 0.687092 -0.236127 -0.687131
    outer loop
      vertex -0.374780 5.719080 13.224030
      vertex -0.545693 4.574860 13.446330
      vertex -0.575244 4.574860 13.416780
    endloop
  endfacet
  facet normal -0.983084 0.183154 0.000048
    outer loop
      vertex -0.374780 5.719080 13.224030
      vertex -0.376022 5.712418 13.202960
      vertex -0.379036 5.696237 13.221290
    endloop
  endfacet
  facet normal -0.983085 -0.183150 0.000045
    outer loop
      vertex 0.762220 5.712418 12.153030
      vertex 0.760978 5.719080 12.131950
      vertex 0.765233 5.696237 12.134690
    endloop
  endfacet
  facet normal 0.986798 0.161957 0.000049
    outer loop
      vertex 0.960206 4.582396 13.385580
      vertex 0.957550 4.598577 13.403920
      vertex 0.961442 4.574860 13.416780
    endloop
  endfacet
  facet normal -0.991051 -0.131530 -0.022774
    outer loop
      vertex 1.139181 3.407797 13.576400
      vertex 1.284536 2.286421 13.727450
      vertex 1.135961 3.430641 13.584590
    endloop
  endfacet
  facet normal -0.987561 -0.154727 -0.027965
    outer loop
      vertex 0.965179 4.552017 13.411170
      vertex 1.135961 3.430641 13.584590
      vertex 0.961442 4.574860 13.416780
    endloop
  endfacet
  facet normal -0.987772 -0.154096 -0.023681
    outer loop
      vertex 0.965179 4.552017 13.411170
      vertex 1.132607 3.454358 13.570160
      vertex 1.135961 3.430641 13.584590
    endloop
  endfacet
  facet normal 0.986877 0.161473 0.000038
    outer loop
      vertex 0.965179 4.552017 13.411170
      vertex 0.962533 4.568199 13.387730
      vertex 0.961442 4.574860 13.416780
    endloop
  endfacet
  facet normal 0.987773 0.154093 -0.023659
    outer loop
      vertex 1.132607 3.454358 11.785830
      vertex 1.135961 3.430641 11.771390
      vertex 0.965179 4.552017 11.944820
    endloop
  endfacet
  facet normal 0.000128 -0.139937 0.990160
    outer loop
      vertex -0.713500 3.430641 11.735130
      vertex -0.675627 3.438176 11.736190
      vertex -0.699066 3.454358 11.738480
    endloop
  endfacet
  facet normal -0.000051 0.139558 -0.990214
    outer loop
      vertex -0.713500 3.430641 11.735130
      vertex -0.675627 3.438176 11.736190
      vertex -0.705309 3.407797 11.731910
    endloop
  endfacet
  facet normal 0.691758 -0.206972 0.691834
    outer loop
      vertex -0.713500 3.430641 11.735130
      vertex -0.545693 4.574860 11.909650
      vertex -0.749764 3.430641 11.771390
    endloop
  endfacet
  facet normal -0.022763 0.131533 -0.991050
    outer loop
      vertex -0.713500 3.430641 11.735130
      vertex -0.705309 3.407797 11.731910
      vertex -0.856360 2.286421 11.586550
    endloop
  endfacet
  facet normal -0.024037 0.154148 -0.987755
    outer loop
      vertex -0.713500 3.430641 11.735130
      vertex -0.540076 4.552017 11.905910
      vertex -0.699066 3.454358 11.738480
    endloop
  endfacet
  facet normal -0.028184 0.154758 -0.987550
    outer loop
      vertex -0.713500 3.430641 11.735130
      vertex -0.545693 4.574860 11.909650
      vertex -0.540076 4.552017 11.905910
    endloop
  endfacet
  facet normal 0.682531 -0.177286 0.709028
    outer loop
      vertex -0.713500 3.430641 11.735130
      vertex -0.899249 2.283800 11.627180
      vertex -0.856360 2.286421 11.586550
    endloop
  endfacet
  facet normal 0.695753 -0.178185 0.695829
    outer loop
      vertex -0.713500 3.430641 11.735130
      vertex -0.749764 3.430641 11.771390
      vertex -0.899249 2.283800 11.627180
    endloop
  endfacet
  facet normal 0.037057 0.178500 -0.983242
    outer loop
      vertex 0.736402 5.696237 12.105860
      vertex 0.739136 5.719080 12.110110
      vertex 0.931890 4.574860 11.909650
    endloop
  endfacet
  facet normal -0.029285 -0.177231 0.983733
    outer loop
      vertex 0.736402 5.696237 12.105860
      vertex 0.919028 4.598577 11.913540
      vertex 0.931890 4.574860 11.909650
    endloop
  endfacet
  facet normal 0.000025 0.182911 -0.983130
    outer loop
      vertex 0.736402 5.696237 12.105860
      vertex 0.718063 5.712418 12.108870
      vertex 0.739136 5.719080 12.110110
    endloop
  endfacet
  facet normal 0.642492 -0.417508 0.642566
    outer loop
      vertex -0.370351 5.742797 12.142930
      vertex -0.352939 5.719080 12.110110
      vertex -0.341957 5.742797 12.114540
    endloop
  endfacet
  facet normal 0.028184 0.154758 -0.987550
    outer loop
      vertex 0.926273 4.552017 11.905910
      vertex 0.931890 4.574860 11.909650
      vertex 1.099697 3.430641 11.735130
    endloop
  endfacet
  facet normal -0.024036 -0.154147 0.987755
    outer loop
      vertex 0.926273 4.552017 11.905910
      vertex 1.085263 3.454358 11.738480
      vertex 1.099697 3.430641 11.735130
    endloop
  endfacet
  facet normal 0.000128 0.139937 -0.990160
    outer loop
      vertex 1.061824 3.438176 11.736190
      vertex 1.085263 3.454358 11.738480
      vertex 1.099697 3.430641 11.735130
    endloop
  endfacet
  facet normal -0.000051 -0.139558 0.990214
    outer loop
      vertex 1.061824 3.438176 11.736190
      vertex 1.091506 3.407797 11.731910
      vertex 1.099697 3.430641 11.735130
    endloop
  endfacet
  facet normal 0.017450 0.085589 -0.996178
    outer loop
      vertex 1.348061 1.119358 11.461740
      vertex 1.360471 1.142201 11.463920
      vertex 1.453438 -0.002018 11.367240
    endloop
  endfacet
  facet normal -0.017112 -0.085558 0.996186
    outer loop
      vertex 1.348061 1.119358 11.461740
      vertex 1.436148 0.021699 11.368980
      vertex 1.453438 -0.002018 11.367240
    endloop
  endfacet
  facet normal 0.018306 0.108396 -0.993939
    outer loop
      vertex 1.343823 1.165919 11.466200
      vertex 1.232102 2.263578 11.583850
      vertex 1.360471 1.142201 11.463920
    endloop
  endfacet
  facet normal 0.024037 -0.154148 -0.987755
    outer loop
      vertex -0.699066 3.454358 13.617500
      vertex -0.713500 3.430641 13.620850
      vertex -0.540076 4.552017 13.450070
    endloop
  endfacet
  facet normal -0.000235 0.129077 0.991635
    outer loop
      vertex -0.705309 3.407797 13.624070
      vertex -0.857709 2.283800 13.770340
      vertex 1.241112 2.289082 13.770150
    endloop
  endfacet
  facet normal -0.021704 0.131909 0.991024
    outer loop
      vertex -0.705309 3.407797 13.624070
      vertex -0.713500 3.430641 13.620850
      vertex -0.857709 2.283800 13.770340
    endloop
  endfacet
  facet normal 0.000000 -0.129479 -0.991582
    outer loop
      vertex -0.705309 3.407797 13.624070
      vertex 1.091506 3.407797 13.624070
      vertex 1.241112 2.289082 13.770150
    endloop
  endfacet
  facet normal 0.986798 -0.161956 -0.000045
    outer loop
      vertex -0.574009 4.582396 13.385580
      vertex -0.571353 4.598577 13.403920
      vertex -0.575244 4.574860 13.416780
    endloop
  endfacet
  facet normal -0.029285 0.177231 -0.983733
    outer loop
      vertex -0.532830 4.598577 11.913540
      vertex -0.545693 4.574860 11.909650
      vertex -0.350205 5.696237 12.105860
    endloop
  endfacet
  facet normal 0.987561 -0.154728 -0.027975
    outer loop
      vertex -0.578982 4.552017 13.411170
      vertex -0.575244 4.574860 13.416780
      vertex -0.749764 3.430641 13.584590
    endloop
  endfacet
  facet normal -0.987773 0.154094 0.023663
    outer loop
      vertex -0.578982 4.552017 13.411170
      vertex -0.746410 3.454358 13.570160
      vertex -0.749764 3.430641 13.584590
    endloop
  endfacet
  facet normal 0.986876 -0.161477 -0.000041
    outer loop
      vertex -0.578982 4.552017 13.411170
      vertex -0.576336 4.568199 13.387730
      vertex -0.575244 4.574860 13.416780
    endloop
  endfacet
  facet normal 0.000339 0.161494 0.986874
    outer loop
      vertex 0.902834 4.568199 13.447430
      vertex 0.926273 4.552017 13.450070
      vertex 0.931890 4.574860 13.446330
    endloop
  endfacet
  facet normal 0.029261 -0.177219 -0.983736
    outer loop
      vertex -0.532830 4.598577 13.442440
      vertex -0.545693 4.574860 13.446330
      vertex -0.350205 5.696237 13.250130
    endloop
  endfacet
  facet normal -0.038547 0.178734 0.983142
    outer loop
      vertex -0.352939 5.719080 13.245870
      vertex -0.545693 4.574860 13.446330
      vertex -0.350205 5.696237 13.250130
    endloop
  endfacet
  facet normal -0.687088 0.236128 0.687135
    outer loop
      vertex -0.352939 5.719080 13.245870
      vertex -0.374780 5.719080 13.224030
      vertex -0.545693 4.574860 13.446330
    endloop
  endfacet
  facet normal 0.642492 -0.417508 -0.642566
    outer loop
      vertex -0.352939 5.719080 13.245870
      vertex -0.370351 5.742797 13.213050
      vertex -0.341957 5.742797 13.241440
    endloop
  endfacet
  facet normal 0.642516 -0.417481 -0.642560
    outer loop
      vertex -0.352939 5.719080 13.245870
      vertex -0.374780 5.719080 13.224030
      vertex -0.370351 5.742797 13.213050
    endloop
  endfacet
  facet normal 0.986877 0.161473 -0.000038
    outer loop
      vertex 0.961442 4.574860 11.939200
      vertex 0.962533 4.568199 11.968260
      vertex 0.965179 4.552017 11.944820
    endloop
  endfacet
  facet normal 0.986798 0.161957 -0.000049
    outer loop
      vertex 0.961442 4.574860 11.939200
      vertex 0.957550 4.598577 11.952060
      vertex 0.960206 4.582396 11.970400
    endloop
  endfacet
  facet normal -0.987563 -0.154722 0.027934
    outer loop
      vertex 0.961442 4.574860 11.939200
      vertex 1.135961 3.430641 11.771390
      vertex 0.965179 4.552017 11.944820
    endloop
  endfacet
  facet normal 0.691776 0.206972 -0.691816
    outer loop
      vertex 0.961442 4.574860 11.939200
      vertex 1.135961 3.430641 11.771390
      vertex 0.931890 4.574860 11.909650
    endloop
  endfacet
  facet normal -0.687092 -0.236127 0.687131
    outer loop
      vertex 0.961442 4.574860 11.939200
      vertex 0.760978 5.719080 12.131950
      vertex 0.931890 4.574860 11.909650
    endloop
  endfacet
  facet normal -0.983746 -0.177196 0.029075
    outer loop
      vertex 0.961442 4.574860 11.939200
      vertex 0.957550 4.598577 11.952060
      vertex 0.765233 5.696237 12.134690
    endloop
  endfacet
  facet normal 0.983187 0.178631 -0.037872
    outer loop
      vertex 0.961442 4.574860 11.939200
      vertex 0.760978 5.719080 12.131950
      vertex 0.765233 5.696237 12.134690
    endloop
  endfacet
  facet normal -0.991003 -0.132195 0.020900
    outer loop
      vertex 1.139181 3.407797 11.779580
      vertex 1.135961 3.430641 11.771390
      vertex 1.285257 2.289081 11.629980
    endloop
  endfacet
  facet normal 0.991583 0.129476 -0.000000
    outer loop
      vertex 1.139181 3.407797 11.779580
      vertex 1.139181 3.407797 13.576400
      vertex 1.285257 2.289081 11.629980
    endloop
  endfacet
  facet normal 0.991141 0.131231 0.020468
    outer loop
      vertex 1.281720 2.310138 13.711750
      vertex 1.139181 3.407797 13.576400
      vertex 1.284536 2.286421 13.727450
    endloop
  endfacet
  facet normal 0.992987 0.118226 0.000491
    outer loop
      vertex 1.281720 2.310138 13.711750
      vertex 1.284536 2.286421 13.727450
      vertex 1.285257 2.289081 11.629980
    endloop
  endfacet
  facet normal -0.991668 -0.128822 -0.000382
    outer loop
      vertex 1.281720 2.310138 13.711750
      vertex 1.139181 3.407797 13.576400
      vertex 1.285257 2.289081 11.629980
    endloop
  endfacet
  facet normal 0.990144 0.140052 0.000047
    outer loop
      vertex 1.134897 3.438176 13.546720
      vertex 1.132607 3.454358 13.570160
      vertex 1.135961 3.430641 13.584590
    endloop
  endfacet
  facet normal -0.642516 0.417481 -0.642560
    outer loop
      vertex -0.374780 5.719080 12.131950
      vertex -0.370351 5.742797 12.142930
      vertex -0.352939 5.719080 12.110110
    endloop
  endfacet
  facet normal -0.687092 0.236127 -0.687131
    outer loop
      vertex -0.374780 5.719080 12.131950
      vertex -0.545693 4.574860 11.909650
      vertex -0.575244 4.574860 11.939200
    endloop
  endfacet
  facet normal 0.687088 -0.236128 0.687135
    outer loop
      vertex -0.374780 5.719080 12.131950
      vertex -0.545693 4.574860 11.909650
      vertex -0.352939 5.719080 12.110110
    endloop
  endfacet
  facet normal 0.017450 -0.085589 0.996178
    outer loop
      vertex -0.961864 1.119358 11.461740
      vertex -0.974274 1.142201 11.463920
      vertex -1.067241 -0.002018 11.367240
    endloop
  endfacet
  facet normal -0.017111 0.085558 -0.996186
    outer loop
      vertex -0.961864 1.119358 11.461740
      vertex -1.049950 0.021699 11.368980
      vertex -1.067241 -0.002018 11.367240
    endloop
  endfacet
  facet normal -0.990213 0.139562 0.000029
    outer loop
      vertex -0.750704 3.423979 13.548570
      vertex -0.752984 3.407797 13.576400
      vertex -0.749764 3.430641 13.584590
    endloop
  endfacet
  facet normal 0.991639 -0.129041 0.000000
    outer loop
      vertex -0.752984 3.407797 11.779580
      vertex -0.752984 3.407797 13.576400
      vertex -0.899249 2.283800 11.627180
    endloop
  endfacet
  facet normal -0.990213 0.139562 -0.000029
    outer loop
      vertex -0.752984 3.407797 11.779580
      vertex -0.750704 3.423979 11.807420
      vertex -0.749764 3.430641 11.771390
    endloop
  endfacet
  facet normal -0.991025 0.131904 -0.021707
    outer loop
      vertex -0.752984 3.407797 11.779580
      vertex -0.749764 3.430641 11.771390
      vertex -0.899249 2.283800 11.627180
    endloop
  endfacet
  facet normal -0.000128 0.139937 0.990160
    outer loop
      vertex -0.675627 3.438176 13.619790
      vertex -0.699066 3.454358 13.617500
      vertex -0.713500 3.430641 13.620850
    endloop
  endfacet
  facet normal 0.000051 -0.139558 -0.990214
    outer loop
      vertex -0.675627 3.438176 13.619790
      vertex -0.705309 3.407797 13.624070
      vertex -0.713500 3.430641 13.620850
    endloop
  endfacet
  facet normal -0.986798 0.161956 -0.000045
    outer loop
      vertex -0.574009 4.582396 11.970400
      vertex -0.571353 4.598577 11.952060
      vertex -0.575244 4.574860 11.939200
    endloop
  endfacet
  facet normal 0.000220 0.161971 -0.986796
    outer loop
      vertex 0.900688 4.582396 11.910880
      vertex 0.919028 4.598577 11.913540
      vertex 0.931890 4.574860 11.909650
    endloop
  endfacet
  facet normal -0.000115 -0.161548 0.986865
    outer loop
      vertex 0.900688 4.582396 11.910880
      vertex 0.926273 4.552017 11.905910
      vertex 0.931890 4.574860 11.909650
    endloop
  endfacet
  facet normal 0.990144 -0.140053 -0.000034
    outer loop
      vertex -0.748699 3.438176 13.546720
      vertex -0.746410 3.454358 13.570160
      vertex -0.749764 3.430641 13.584590
    endloop
  endfacet
  facet normal 0.990144 -0.140053 0.000034
    outer loop
      vertex -0.746410 3.454358 11.785830
      vertex -0.748699 3.438176 11.809270
      vertex -0.749764 3.430641 11.771390
    endloop
  endfacet
  facet normal -0.000339 0.161494 0.986874
    outer loop
      vertex -0.516636 4.568199 13.447430
      vertex -0.545693 4.574860 13.446330
      vertex -0.540076 4.552017 13.450070
    endloop
  endfacet
  facet normal -0.000226 0.161974 0.986795
    outer loop
      vertex -0.516636 4.568199 13.447430
      vertex -0.532830 4.598577 13.442440
      vertex -0.545693 4.574860 13.446330
    endloop
  endfacet
  facet normal 0.000226 0.161974 0.986795
    outer loop
      vertex 0.919028 4.598577 13.442440
      vertex 0.902834 4.568199 13.447430
      vertex 0.931890 4.574860 13.446330
    endloop
  endfacet
  facet normal -0.029261 -0.177219 -0.983736
    outer loop
      vertex 0.919028 4.598577 13.442440
      vertex 0.736402 5.696237 13.250130
      vertex 0.931890 4.574860 13.446330
    endloop
  endfacet
  facet normal -0.990213 -0.139566 -0.000028
    outer loop
      vertex 1.136901 3.423979 13.548570
      vertex 1.139181 3.407797 13.576400
      vertex 1.135961 3.430641 13.584590
    endloop
  endfacet
  facet normal -0.990144 -0.140052 0.000047
    outer loop
      vertex 1.134897 3.438176 11.809270
      vertex 1.132607 3.454358 11.785830
      vertex 1.135961 3.430641 11.771390
    endloop
  endfacet
  facet normal 0.983746 -0.177196 0.029075
    outer loop
      vertex -0.379036 5.696237 12.134690
      vertex -0.571353 4.598577 11.952060
      vertex -0.575244 4.574860 11.939200
    endloop
  endfacet
  facet normal -0.983186 0.178634 -0.037887
    outer loop
      vertex -0.379036 5.696237 12.134690
      vertex -0.374780 5.719080 12.131950
      vertex -0.575244 4.574860 11.939200
    endloop
  endfacet
  facet normal -0.982998 0.183619 0.000054
    outer loop
      vertex -0.373374 5.726615 13.200510
      vertex -0.374780 5.719080 13.224030
      vertex -0.370351 5.742797 13.213050
    endloop
  endfacet
  facet normal 0.000128 0.139937 0.990160
    outer loop
      vertex 1.061824 3.438176 13.619790
      vertex 1.099697 3.430641 13.620850
      vertex 1.085263 3.454358 13.617500
    endloop
  endfacet
  facet normal -0.000051 -0.139558 -0.990214
    outer loop
      vertex 1.061824 3.438176 13.619790
      vertex 1.099697 3.430641 13.620850
      vertex 1.091506 3.407797 13.624070
    endloop
  endfacet
  facet normal 0.000220 -0.161971 0.986796
    outer loop
      vertex -0.514490 4.582396 11.910880
      vertex -0.532830 4.598577 11.913540
      vertex -0.545693 4.574860 11.909650
    endloop
  endfacet
  facet normal 0.000115 -0.161548 0.986865
    outer loop
      vertex -0.514490 4.582396 11.910880
      vertex -0.545693 4.574860 11.909650
      vertex -0.540076 4.552017 11.905910
    endloop
  endfacet
  facet normal 0.987562 -0.154724 0.027944
    outer loop
      vertex -0.578982 4.552017 11.944820
      vertex -0.749764 3.430641 11.771390
      vertex -0.575244 4.574860 11.939200
    endloop
  endfacet
  facet normal 0.987774 -0.154091 0.023641
    outer loop
      vertex -0.578982 4.552017 11.944820
      vertex -0.746410 3.454358 11.785830
      vertex -0.749764 3.430641 11.771390
    endloop
  endfacet
  facet normal 0.000208 -0.161983 -0.986793
    outer loop
      vertex -0.514490 4.582396 13.445100
      vertex -0.516636 4.568199 13.447430
      vertex -0.532830 4.598577 13.442440
    endloop
  endfacet
  facet normal 0.990213 0.139566 -0.000028
    outer loop
      vertex 1.136901 3.423979 11.807420
      vertex 1.139181 3.407797 11.779580
      vertex 1.135961 3.430641 11.771390
    endloop
  endfacet
  facet normal 0.983084 -0.183154 0.000048
    outer loop
      vertex -0.376022 5.712418 12.153030
      vertex -0.379036 5.696237 12.134690
      vertex -0.374780 5.719080 12.131950
    endloop
  endfacet
  facet normal 0.982998 -0.183619 0.000054
    outer loop
      vertex -0.373374 5.726615 12.155470
      vertex -0.374780 5.719080 12.131950
      vertex -0.370351 5.742797 12.142930
    endloop
  endfacet
  facet normal 0.986876 -0.161477 0.000041
    outer loop
      vertex -0.576336 4.568199 11.968260
      vertex -0.578982 4.552017 11.944820
      vertex -0.575244 4.574860 11.939200
    endloop
  endfacet
  facet normal -0.000208 -0.161983 -0.986793
    outer loop
      vertex 0.900688 4.582396 13.445100
      vertex 0.919028 4.598577 13.442440
      vertex 0.902834 4.568199 13.447430
    endloop
  endfacet
  facet normal 0.000000 1.000000 0.000000
    outer loop
      vertex 1.453438 -0.002018 13.988740
      vertex -1.117655 -0.002018 11.417650
      vertex -1.117655 -0.002018 13.938330
    endloop
  endfacet
  facet normal 0.000000 -1.000000 -0.000000
    outer loop
      vertex 1.453438 -0.002018 13.988740
      vertex -1.067241 -0.002018 11.367240
      vertex 1.453438 -0.002018 11.367240
    endloop
  endfacet
  facet normal 0.000000 -1.000000 0.000000
    outer loop
      vertex 1.453438 -0.002018 13.988740
      vertex 1.503852 -0.002018 11.417650
      vertex 1.503852 -0.002018 13.938330
    endloop
  endfacet
  facet normal 0.000000 1.000000 0.000000
    outer loop
      vertex 1.453438 -0.002018 13.988740
      vertex 1.503852 -0.002018 11.417650
      vertex 1.453438 -0.002018 11.367240
    endloop
  endfacet
  facet normal 0.000000 1.000000 0.000000
    outer loop
      vertex 1.453438 -0.002018 13.988740
      vertex -1.067241 -0.002018 11.367240
      vertex -1.117655 -0.002018 11.417650
    endloop
  endfacet
  facet normal -0.000000 -1.000000 0.000000
    outer loop
      vertex 1.453438 -0.002018 13.988740
      vertex -1.067241 -0.002018 13.988740
      vertex -1.117655 -0.002018 13.938330
    endloop
  endfacet
  facet normal 0.000000 -0.073339 -0.997307
    outer loop
      vertex 1.401644 0.005517 13.988190
      vertex -1.049950 0.021699 13.987000
      vertex 1.436148 0.021699 13.987000
    endloop
  endfacet
  facet normal 0.000000 0.073339 0.997307
    outer loop
      vertex 1.401644 0.005517 13.988190
      vertex -1.049950 0.021699 13.987000
      vertex -1.015446 0.005517 13.988190
    endloop
  endfacet
  facet normal 0.000000 -0.072795 -0.997347
    outer loop
      vertex 1.401644 0.005517 13.988190
      vertex 1.453438 -0.002018 13.988740
      vertex -1.067241 -0.002018 13.988740
    endloop
  endfacet
  facet normal -0.000000 -0.072795 -0.997347
    outer loop
      vertex 1.401644 0.005517 13.988190
      vertex -1.067241 -0.002018 13.988740
      vertex -1.015446 0.005517 13.988190
    endloop
  endfacet
  facet normal -0.997328 0.073058 0.000000
    outer loop
      vertex -1.117103 0.005517 13.886540
      vertex -1.117655 -0.002018 11.417650
      vertex -1.117655 -0.002018 13.938330
    endloop
  endfacet
  facet normal -0.997328 0.073058 0.000000
    outer loop
      vertex -1.117103 0.005517 13.886540
      vertex -1.117103 0.005517 11.469450
      vertex -1.117655 -0.002018 11.417650
    endloop
  endfacet
  facet normal 0.997312 -0.073278 0.000000
    outer loop
      vertex -1.115914 0.021699 11.434940
      vertex -1.117103 0.005517 13.886540
      vertex -1.117103 0.005517 11.469450
    endloop
  endfacet
  facet normal -0.997312 0.073278 0.000000
    outer loop
      vertex -1.115914 0.021699 11.434940
      vertex -1.117103 0.005517 13.886540
      vertex -1.115914 0.021699 13.921040
    endloop
  endfacet
  facet normal -0.997328 -0.073058 0.000000
    outer loop
      vertex 1.503300 0.005517 11.469450
      vertex 1.503852 -0.002018 11.417650
      vertex 1.503852 -0.002018 13.938330
    endloop
  endfacet
  facet normal 0.997328 0.073058 -0.000000
    outer loop
      vertex 1.503300 0.005517 11.469450
      vertex 1.503300 0.005517 13.886540
      vertex 1.503852 -0.002018 13.938330
    endloop
  endfacet
  facet normal -0.997312 -0.073278 0.000000
    outer loop
      vertex 1.503300 0.005517 11.469450
      vertex 1.503300 0.005517 13.886540
      vertex 1.502111 0.021699 13.921040
    endloop
  endfacet
  facet normal 0.997312 0.073278 0.000000
    outer loop
      vertex 1.503300 0.005517 11.469450
      vertex 1.502111 0.021699 11.434940
      vertex 1.502111 0.021699 13.921040
    endloop
  endfacet
  facet normal 0.983026 0.183468 0.000000
    outer loop
      vertex 0.759571 5.726615 13.200510
      vertex 0.760978 5.719080 12.131950
      vertex 0.759571 5.726615 12.155470
    endloop
  endfacet
  facet normal -0.983026 -0.183468 0.000000
    outer loop
      vertex 0.759571 5.726615 13.200510
      vertex 0.760978 5.719080 12.131950
      vertex 0.760978 5.719080 13.224030
    endloop
  endfacet
  facet normal 0.982990 0.183659 0.000000
    outer loop
      vertex 0.759571 5.726615 13.200510
      vertex 0.756548 5.742797 12.142930
      vertex 0.756548 5.742797 13.213050
    endloop
  endfacet
  facet normal 0.982990 0.183659 0.000000
    outer loop
      vertex 0.759571 5.726615 13.200510
      vertex 0.759571 5.726615 12.155470
      vertex 0.756548 5.742797 12.142930
    endloop
  endfacet
  facet normal 0.000000 0.118070 -0.993005
    outer loop
      vertex -0.840665 2.310138 11.589370
      vertex 1.226862 2.310138 11.589370
      vertex 1.242558 2.286421 11.586550
    endloop
  endfacet
  facet normal 0.000000 0.118070 -0.993005
    outer loop
      vertex -0.840665 2.310138 11.589370
      vertex 1.242558 2.286421 11.586550
      vertex -0.856360 2.286421 11.586550
    endloop
  endfacet
  facet normal 0.000000 0.128777 -0.991674
    outer loop
      vertex -0.840665 2.310138 11.589370
      vertex 1.091506 3.407797 11.731910
      vertex 1.226862 2.310138 11.589370
    endloop
  endfacet
  facet normal 0.000000 -0.128777 0.991674
    outer loop
      vertex -0.840665 2.310138 11.589370
      vertex 1.091506 3.407797 11.731910
      vertex -0.705309 3.407797 11.731910
    endloop
  endfacet
  facet normal 0.000000 0.183610 -0.982999
    outer loop
      vertex -0.352939 5.719080 12.110110
      vertex -0.341957 5.742797 12.114540
      vertex 0.728155 5.742797 12.114540
    endloop
  endfacet
  facet normal 0.000000 -0.183610 0.982999
    outer loop
      vertex -0.352939 5.719080 12.110110
      vertex 0.739136 5.719080 12.110110
      vertex 0.728155 5.742797 12.114540
    endloop
  endfacet
  facet normal 0.000000 -0.072795 0.997347
    outer loop
      vertex -1.015446 0.005517 11.367790
      vertex -1.067241 -0.002018 11.367240
      vertex 1.453438 -0.002018 11.367240
    endloop
  endfacet
  facet normal 0.000000 0.072795 -0.997347
    outer loop
      vertex -1.015446 0.005517 11.367790
      vertex 1.401644 0.005517 11.367790
      vertex 1.453438 -0.002018 11.367240
    endloop
  endfacet
  facet normal 0.000000 -0.073339 0.997307
    outer loop
      vertex 1.436148 0.021699 11.368980
      vertex -1.015446 0.005517 11.367790
      vertex 1.401644 0.005517 11.367790
    endloop
  endfacet
  facet normal 0.000000 0.073339 -0.997307
    outer loop
      vertex 1.436148 0.021699 11.368980
      vertex -1.015446 0.005517 11.367790
      vertex -1.049950 0.021699 11.368980
    endloop
  endfacet
  facet normal 0.000000 -0.117775 0.993040
    outer loop
      vertex 1.200581 2.279760 11.585760
      vertex 1.242558 2.286421 11.586550
      vertex -0.856360 2.286421 11.586550
    endloop
  endfacet
  facet normal 0.000000 0.117775 -0.993040
    outer loop
      vertex 1.200581 2.279760 11.585760
      vertex -0.814384 2.279760 11.585760
      vertex -0.856360 2.286421 11.586550
    endloop
  endfacet
  facet normal 0.000000 0.117219 -0.993106
    outer loop
      vertex 1.200581 2.279760 11.585760
      vertex 1.232102 2.263578 11.583850
      vertex -0.845905 2.263578 11.583850
    endloop
  endfacet
  facet normal 0.000000 -0.117219 0.993106
    outer loop
      vertex 1.200581 2.279760 11.585760
      vertex -0.814384 2.279760 11.585760
      vertex -0.845905 2.263578 11.583850
    endloop
  endfacet
  facet normal -0.983094 -0.183101 0.000000
    outer loop
      vertex 0.762220 5.712418 12.153030
      vertex 0.765233 5.696237 13.221290
      vertex 0.762220 5.712418 13.202960
    endloop
  endfacet
  facet normal 0.983094 0.183101 0.000000
    outer loop
      vertex 0.762220 5.712418 12.153030
      vertex 0.765233 5.696237 13.221290
      vertex 0.765233 5.696237 12.134690
    endloop
  endfacet
  facet normal 0.983059 0.183287 0.000000
    outer loop
      vertex 0.762220 5.712418 12.153030
      vertex 0.760978 5.719080 12.131950
      vertex 0.760978 5.719080 13.224030
    endloop
  endfacet
  facet normal -0.983059 -0.183287 0.000000
    outer loop
      vertex 0.762220 5.712418 12.153030
      vertex 0.762220 5.712418 13.202960
      vertex 0.760978 5.719080 13.224030
    endloop
  endfacet
  facet normal -0.984996 -0.172577 0.000000
    outer loop
      vertex 0.957550 4.598577 11.952060
      vertex 0.765233 5.696237 13.221290
      vertex 0.765233 5.696237 12.134690
    endloop
  endfacet
  facet normal 0.984996 0.172577 -0.000000
    outer loop
      vertex 0.957550 4.598577 11.952060
      vertex 0.765233 5.696237 13.221290
      vertex 0.957550 4.598577 13.403920
    endloop
  endfacet
  facet normal -0.986789 -0.162011 0.000000
    outer loop
      vertex 0.957550 4.598577 11.952060
      vertex 0.960206 4.582396 13.385580
      vertex 0.957550 4.598577 13.403920
    endloop
  endfacet
  facet normal 0.986789 0.162011 0.000000
    outer loop
      vertex 0.957550 4.598577 11.952060
      vertex 0.960206 4.582396 13.385580
      vertex 0.960206 4.582396 11.970400
    endloop
  endfacet
  facet normal -0.986886 -0.161419 0.000000
    outer loop
      vertex 0.965179 4.552017 13.411170
      vertex 0.962533 4.568199 13.387730
      vertex 0.962533 4.568199 11.968260
    endloop
  endfacet
  facet normal -0.986886 -0.161419 -0.000000
    outer loop
      vertex 0.965179 4.552017 13.411170
      vertex 0.962533 4.568199 11.968260
      vertex 0.965179 4.552017 11.944820
    endloop
  endfacet
  facet normal -0.988566 -0.150787 0.000000
    outer loop
      vertex 1.132607 3.454358 11.785830
      vertex 0.965179 4.552017 13.411170
      vertex 0.965179 4.552017 11.944820
    endloop
  endfacet
  facet normal 0.988566 0.150787 -0.000000
    outer loop
      vertex 1.132607 3.454358 11.785830
      vertex 0.965179 4.552017 13.411170
      vertex 1.132607 3.454358 13.570160
    endloop
  endfacet
  facet normal 0.000000 0.182988 -0.983115
    outer loop
      vertex 0.718063 5.712418 12.108870
      vertex -0.352939 5.719080 12.110110
      vertex 0.739136 5.719080 12.110110
    endloop
  endfacet
  facet normal 0.000000 -0.182988 0.983115
    outer loop
      vertex 0.718063 5.712418 12.108870
      vertex -0.352939 5.719080 12.110110
      vertex -0.331865 5.712418 12.108870
    endloop
  endfacet
  facet normal 0.000000 -0.182883 0.983135
    outer loop
      vertex 0.736402 5.696237 12.105860
      vertex 0.718063 5.712418 12.108870
      vertex -0.331865 5.712418 12.108870
    endloop
  endfacet
  facet normal 0.000000 -0.182883 0.983135
    outer loop
      vertex 0.736402 5.696237 12.105860
      vertex -0.331865 5.712418 12.108870
      vertex -0.350205 5.696237 12.105860
    endloop
  endfacet
  facet normal 0.000000 -1.000000 0.000000
    outer loop
      vertex -0.370351 5.742797 12.142930
      vertex -0.341957 5.742797 12.114540
      vertex 0.728155 5.742797 12.114540
    endloop
  endfacet
  facet normal 0.000000 -1.000000 0.000000
    outer loop
      vertex -0.370351 5.742797 12.142930
      vertex 0.728155 5.742797 13.241440
      vertex -0.341957 5.742797 13.241440
    endloop
  endfacet
  facet normal -0.000000 1.000000 0.000000
    outer loop
      vertex -0.370351 5.742797 12.142930
      vertex 0.756548 5.742797 12.142930
      vertex 0.728155 5.742797 12.114540
    endloop
  endfacet
  facet normal 0.000000 1.000000 0.000000
    outer loop
      vertex -0.370351 5.742797 12.142930
      vertex 0.728155 5.742797 13.241440
      vertex 0.756548 5.742797 13.213050
    endloop
  endfacet
  facet normal 0.000000 -1.000000 0.000000
    outer loop
      vertex -0.370351 5.742797 12.142930
      vertex 0.756548 5.742797 12.142930
      vertex 0.756548 5.742797 13.213050
    endloop
  endfacet
  facet normal 0.000000 1.000000 0.000000
    outer loop
      vertex -0.370351 5.742797 12.142930
      vertex -0.370351 5.742797 13.213050
      vertex -0.341957 5.742797 13.241440
    endloop
  endfacet
  facet normal 0.000000 -0.150790 0.988566
    outer loop
      vertex 0.926273 4.552017 11.905910
      vertex -0.540076 4.552017 11.905910
      vertex -0.699066 3.454358 11.738480
    endloop
  endfacet
  facet normal 0.000000 0.150790 -0.988566
    outer loop
      vertex 0.926273 4.552017 11.905910
      vertex 1.085263 3.454358 11.738480
      vertex -0.699066 3.454358 11.738480
    endloop
  endfacet
  facet normal 0.000000 -0.140119 0.990135
    outer loop
      vertex 1.061824 3.438176 11.736190
      vertex 1.085263 3.454358 11.738480
      vertex -0.699066 3.454358 11.738480
    endloop
  endfacet
  facet normal 0.000000 0.140119 -0.990135
    outer loop
      vertex 1.061824 3.438176 11.736190
      vertex -0.675627 3.438176 11.736190
      vertex -0.699066 3.454358 11.738480
    endloop
  endfacet
  facet normal 0.000000 0.139509 -0.990221
    outer loop
      vertex 1.061824 3.438176 11.736190
      vertex 1.091506 3.407797 11.731910
      vertex -0.705309 3.407797 11.731910
    endloop
  endfacet
  facet normal 0.000000 -0.139509 0.990221
    outer loop
      vertex 1.061824 3.438176 11.736190
      vertex -0.675627 3.438176 11.736190
      vertex -0.705309 3.407797 11.731910
    endloop
  endfacet
  facet normal 0.000000 -0.095688 0.995411
    outer loop
      vertex 1.343823 1.165919 11.466200
      vertex -0.957626 1.165919 11.466200
      vertex -0.974274 1.142201 11.463920
    endloop
  endfacet
  facet normal 0.000000 0.095688 -0.995411
    outer loop
      vertex 1.343823 1.165919 11.466200
      vertex 1.360471 1.142201 11.463920
      vertex -0.974274 1.142201 11.463920
    endloop
  endfacet
  facet normal 0.000000 -0.106572 0.994305
    outer loop
      vertex 1.343823 1.165919 11.466200
      vertex 1.232102 2.263578 11.583850
      vertex -0.845905 2.263578 11.583850
    endloop
  endfacet
  facet normal 0.000000 0.106572 -0.994305
    outer loop
      vertex 1.343823 1.165919 11.466200
      vertex -0.957626 1.165919 11.466200
      vertex -0.845905 2.263578 11.583850
    endloop
  endfacet
  facet normal 0.000000 0.150790 0.988566
    outer loop
      vertex -0.699066 3.454358 13.617500
      vertex 0.926273 4.552017 13.450070
      vertex -0.540076 4.552017 13.450070
    endloop
  endfacet
  facet normal 0.000000 -0.150790 -0.988566
    outer loop
      vertex -0.699066 3.454358 13.617500
      vertex 0.926273 4.552017 13.450070
      vertex 1.085263 3.454358 13.617500
    endloop
  endfacet
  facet normal 0.000000 -0.172580 0.984995
    outer loop
      vertex -0.532830 4.598577 11.913540
      vertex 0.736402 5.696237 12.105860
      vertex -0.350205 5.696237 12.105860
    endloop
  endfacet
  facet normal 0.000000 0.172580 -0.984995
    outer loop
      vertex -0.532830 4.598577 11.913540
      vertex 0.736402 5.696237 12.105860
      vertex 0.919028 4.598577 11.913540
    endloop
  endfacet
  facet normal 0.000000 0.183610 0.982999
    outer loop
      vertex -0.352939 5.719080 13.245870
      vertex 0.728155 5.742797 13.241440
      vertex -0.341957 5.742797 13.241440
    endloop
  endfacet
  facet normal -0.000000 0.183610 0.982999
    outer loop
      vertex -0.352939 5.719080 13.245870
      vertex 0.739136 5.719080 13.245870
      vertex 0.728155 5.742797 13.241440
    endloop
  endfacet
  facet normal -0.000000 0.183330 0.983051
    outer loop
      vertex -0.352939 5.719080 13.245870
      vertex 0.736402 5.696237 13.250130
      vertex 0.739136 5.719080 13.245870
    endloop
  endfacet
  facet normal 0.000000 -0.183330 -0.983051
    outer loop
      vertex -0.352939 5.719080 13.245870
      vertex 0.736402 5.696237 13.250130
      vertex -0.350205 5.696237 13.250130
    endloop
  endfacet
  facet normal -0.986830 -0.161761 0.000000
    outer loop
      vertex 0.961442 4.574860 11.939200
      vertex 0.960206 4.582396 13.385580
      vertex 0.960206 4.582396 11.970400
    endloop
  endfacet
  facet normal 0.986830 0.161761 -0.000000
    outer loop
      vertex 0.961442 4.574860 11.939200
      vertex 0.960206 4.582396 13.385580
      vertex 0.961442 4.574860 13.416780
    endloop
  endfacet
  facet normal 0.986851 0.161635 0.000000
    outer loop
      vertex 0.961442 4.574860 11.939200
      vertex 0.962533 4.568199 13.387730
      vertex 0.962533 4.568199 11.968260
    endloop
  endfacet
  facet normal -0.986851 -0.161635 0.000000
    outer loop
      vertex 0.961442 4.574860 11.939200
      vertex 0.962533 4.568199 13.387730
      vertex 0.961442 4.574860 13.416780
    endloop
  endfacet
  facet normal 0.000000 0.084207 -0.996448
    outer loop
      vertex -0.961864 1.119358 11.461740
      vertex 1.436148 0.021699 11.368980
      vertex -1.049950 0.021699 11.368980
    endloop
  endfacet
  facet normal 0.000000 0.084207 -0.996448
    outer loop
      vertex -0.961864 1.119358 11.461740
      vertex 1.348061 1.119358 11.461740
      vertex 1.436148 0.021699 11.368980
    endloop
  endfacet
  facet normal 0.000000 -0.095002 0.995477
    outer loop
      vertex -0.961864 1.119358 11.461740
      vertex 1.360471 1.142201 11.463920
      vertex -0.974274 1.142201 11.463920
    endloop
  endfacet
  facet normal 0.000000 -0.095002 0.995477
    outer loop
      vertex -0.961864 1.119358 11.461740
      vertex 1.348061 1.119358 11.461740
      vertex 1.360471 1.142201 11.463920
    endloop
  endfacet
  facet normal 0.990192 -0.139715 0.000000
    outer loop
      vertex -0.750704 3.423979 13.548570
      vertex -0.750704 3.423979 11.807420
      vertex -0.749764 3.430641 11.771390
    endloop
  endfacet
  facet normal 0.990192 -0.139715 0.000000
    outer loop
      vertex -0.750704 3.423979 13.548570
      vertex -0.749764 3.430641 11.771390
      vertex -0.749764 3.430641 13.584590
    endloop
  endfacet
  facet normal -0.990220 0.139513 0.000000
    outer loop
      vertex -0.752984 3.407797 11.779580
      vertex -0.750704 3.423979 13.548570
      vertex -0.750704 3.423979 11.807420
    endloop
  endfacet
  facet normal 0.990220 -0.139513 0.000000
    outer loop
      vertex -0.752984 3.407797 11.779580
      vertex -0.750704 3.423979 13.548570
      vertex -0.752984 3.407797 13.576400
    endloop
  endfacet
  facet normal 0.986828 -0.161774 0.000000
    outer loop
      vertex -0.574009 4.582396 11.970400
      vertex -0.574009 4.582396 13.385580
      vertex -0.575244 4.574860 13.416780
    endloop
  endfacet
  facet normal 0.986828 -0.161774 0.000000
    outer loop
      vertex -0.574009 4.582396 11.970400
      vertex -0.575244 4.574860 13.416780
      vertex -0.575244 4.574860 11.939200
    endloop
  endfacet
  facet normal -0.986790 0.162005 0.000000
    outer loop
      vertex -0.574009 4.582396 11.970400
      vertex -0.574009 4.582396 13.385580
      vertex -0.571353 4.598577 13.403920
    endloop
  endfacet
  facet normal 0.986790 -0.162005 0.000000
    outer loop
      vertex -0.574009 4.582396 11.970400
      vertex -0.571353 4.598577 11.952060
      vertex -0.571353 4.598577 13.403920
    endloop
  endfacet
  facet normal -0.990168 0.139885 0.000000
    outer loop
      vertex -0.748699 3.438176 13.546720
      vertex -0.749764 3.430641 11.771390
      vertex -0.749764 3.430641 13.584590
    endloop
  endfacet
  facet normal -0.990168 0.139885 0.000000
    outer loop
      vertex -0.748699 3.438176 13.546720
      vertex -0.748699 3.438176 11.809270
      vertex -0.749764 3.430641 11.771390
    endloop
  endfacet
  facet normal 0.990137 -0.140101 0.000000
    outer loop
      vertex -0.746410 3.454358 11.785830
      vertex -0.748699 3.438176 13.546720
      vertex -0.748699 3.438176 11.809270
    endloop
  endfacet
  facet normal -0.990137 0.140101 0.000000
    outer loop
      vertex -0.746410 3.454358 11.785830
      vertex -0.748699 3.438176 13.546720
      vertex -0.746410 3.454358 13.570160
    endloop
  endfacet
  facet normal 0.000000 -0.161016 -0.986952
    outer loop
      vertex -0.516636 4.568199 13.447430
      vertex 0.926273 4.552017 13.450070
      vertex -0.540076 4.552017 13.450070
    endloop
  endfacet
  facet normal 0.000000 -0.161016 -0.986952
    outer loop
      vertex -0.516636 4.568199 13.447430
      vertex 0.902834 4.568199 13.447430
      vertex 0.926273 4.552017 13.450070
    endloop
  endfacet
  facet normal 0.000000 0.172571 0.984997
    outer loop
      vertex 0.919028 4.598577 13.442440
      vertex 0.736402 5.696237 13.250130
      vertex -0.350205 5.696237 13.250130
    endloop
  endfacet
  facet normal -0.000000 -0.172571 -0.984997
    outer loop
      vertex 0.919028 4.598577 13.442440
      vertex -0.532830 4.598577 13.442440
      vertex -0.350205 5.696237 13.250130
    endloop
  endfacet
  facet normal 0.990177 0.139821 -0.000000
    outer loop
      vertex 1.134897 3.438176 11.809270
      vertex 1.134897 3.438176 13.546720
      vertex 1.135961 3.430641 13.584590
    endloop
  endfacet
  facet normal -0.990177 -0.139821 0.000000
    outer loop
      vertex 1.134897 3.438176 11.809270
      vertex 1.135961 3.430641 11.771390
      vertex 1.135961 3.430641 13.584590
    endloop
  endfacet
  facet normal 0.990135 0.140119 0.000000
    outer loop
      vertex 1.134897 3.438176 11.809270
      vertex 1.132607 3.454358 11.785830
      vertex 1.132607 3.454358 13.570160
    endloop
  endfacet
  facet normal -0.990135 -0.140119 0.000000
    outer loop
      vertex 1.134897 3.438176 11.809270
      vertex 1.134897 3.438176 13.546720
      vertex 1.132607 3.454358 13.570160
    endloop
  endfacet
  facet normal -0.984996 0.172577 0.000000
    outer loop
      vertex -0.379036 5.696237 12.134690
      vertex -0.571353 4.598577 11.952060
      vertex -0.571353 4.598577 13.403920
    endloop
  endfacet
  facet normal -0.984996 0.172577 0.000000
    outer loop
      vertex -0.379036 5.696237 12.134690
      vertex -0.571353 4.598577 13.403920
      vertex -0.379036 5.696237 13.221290
    endloop
  endfacet
  facet normal 0.000000 -0.140119 -0.990135
    outer loop
      vertex 1.061824 3.438176 13.619790
      vertex -0.699066 3.454358 13.617500
      vertex 1.085263 3.454358 13.617500
    endloop
  endfacet
  facet normal -0.000000 -0.140119 -0.990135
    outer loop
      vertex 1.061824 3.438176 13.619790
      vertex -0.675627 3.438176 13.619790
      vertex -0.699066 3.454358 13.617500
    endloop
  endfacet
  facet normal 0.000000 0.139509 0.990221
    outer loop
      vertex 1.061824 3.438176 13.619790
      vertex -0.705309 3.407797 13.624070
      vertex 1.091506 3.407797 13.624070
    endloop
  endfacet
  facet normal 0.000000 0.139509 0.990221
    outer loop
      vertex 1.061824 3.438176 13.619790
      vertex -0.675627 3.438176 13.619790
      vertex -0.705309 3.407797 13.624070
    endloop
  endfacet
  facet normal 0.000000 0.162213 -0.986756
    outer loop
      vertex -0.514490 4.582396 11.910880
      vertex -0.532830 4.598577 11.913540
      vertex 0.919028 4.598577 11.913540
    endloop
  endfacet
  facet normal 0.000000 -0.162213 0.986756
    outer loop
      vertex -0.514490 4.582396 11.910880
      vertex 0.900688 4.582396 11.910880
      vertex 0.919028 4.598577 11.913540
    endloop
  endfacet
  facet normal 0.000000 0.161453 -0.986880
    outer loop
      vertex -0.514490 4.582396 11.910880
      vertex 0.926273 4.552017 11.905910
      vertex -0.540076 4.552017 11.905910
    endloop
  endfacet
  facet normal 0.000000 0.161453 -0.986880
    outer loop
      vertex -0.514490 4.582396 11.910880
      vertex 0.900688 4.582396 11.910880
      vertex 0.926273 4.552017 11.905910
    endloop
  endfacet
  facet normal -0.988566 0.150787 0.000000
    outer loop
      vertex -0.578982 4.552017 11.944820
      vertex -0.746410 3.454358 11.785830
      vertex -0.746410 3.454358 13.570160
    endloop
  endfacet
  facet normal 0.988566 -0.150787 0.000000
    outer loop
      vertex -0.578982 4.552017 11.944820
      vertex -0.578982 4.552017 13.411170
      vertex -0.746410 3.454358 13.570160
    endloop
  endfacet
  facet normal 0.990192 0.139715 0.000000
    outer loop
      vertex 1.136901 3.423979 11.807420
      vertex 1.135961 3.430641 11.771390
      vertex 1.135961 3.430641 13.584590
    endloop
  endfacet
  facet normal -0.990192 -0.139715 0.000000
    outer loop
      vertex 1.136901 3.423979 11.807420
      vertex 1.136901 3.423979 13.548570
      vertex 1.135961 3.430641 13.584590
    endloop
  endfacet
  facet normal -0.990219 -0.139519 0.000000
    outer loop
      vertex 1.136901 3.423979 11.807420
      vertex 1.139181 3.407797 11.779580
      vertex 1.139181 3.407797 13.576400
    endloop
  endfacet
  facet normal 0.990219 0.139519 -0.000000
    outer loop
      vertex 1.136901 3.423979 11.807420
      vertex 1.136901 3.423979 13.548570
      vertex 1.139181 3.407797 13.576400
    endloop
  endfacet
  facet normal 0.983057 -0.183301 0.000000
    outer loop
      vertex -0.376022 5.712418 12.153030
      vertex -0.374780 5.719080 12.131950
      vertex -0.374780 5.719080 13.224030
    endloop
  endfacet
  facet normal 0.983057 -0.183301 0.000000
    outer loop
      vertex -0.376022 5.712418 12.153030
      vertex -0.374780 5.719080 13.224030
      vertex -0.376022 5.712418 13.202960
    endloop
  endfacet
  facet normal -0.983094 0.183101 0.000000
    outer loop
      vertex -0.376022 5.712418 12.153030
      vertex -0.379036 5.696237 12.134690
      vertex -0.379036 5.696237 13.221290
    endloop
  endfacet
  facet normal 0.983094 -0.183101 0.000000
    outer loop
      vertex -0.376022 5.712418 12.153030
      vertex -0.376022 5.712418 13.202960
      vertex -0.379036 5.696237 13.221290
    endloop
  endfacet
  facet normal 0.982990 -0.183659 0.000000
    outer loop
      vertex -0.373374 5.726615 12.155470
      vertex -0.370351 5.742797 12.142930
      vertex -0.370351 5.742797 13.213050
    endloop
  endfacet
  facet normal -0.982990 0.183659 0.000000
    outer loop
      vertex -0.373374 5.726615 12.155470
      vertex -0.373374 5.726615 13.200510
      vertex -0.370351 5.742797 13.213050
    endloop
  endfacet
  facet normal -0.983028 0.183455 0.000000
    outer loop
      vertex -0.373374 5.726615 12.155470
      vertex -0.374780 5.719080 12.131950
      vertex -0.374780 5.719080 13.224030
    endloop
  endfacet
  facet normal 0.983028 -0.183455 0.000000
    outer loop
      vertex -0.373374 5.726615 12.155470
      vertex -0.373374 5.726615 13.200510
      vertex -0.374780 5.719080 13.224030
    endloop
  endfacet
  facet normal -0.986848 0.161650 0.000000
    outer loop
      vertex -0.576336 4.568199 11.968260
      vertex -0.575244 4.574860 13.416780
      vertex -0.575244 4.574860 11.939200
    endloop
  endfacet
  facet normal -0.986848 0.161650 0.000000
    outer loop
      vertex -0.576336 4.568199 11.968260
      vertex -0.576336 4.568199 13.387730
      vertex -0.575244 4.574860 13.416780
    endloop
  endfacet
  facet normal -0.986886 0.161419 0.000000
    outer loop
      vertex -0.576336 4.568199 11.968260
      vertex -0.578982 4.552017 11.944820
      vertex -0.578982 4.552017 13.411170
    endloop
  endfacet
  facet normal -0.986886 0.161419 0.000000
    outer loop
      vertex -0.576336 4.568199 11.968260
      vertex -0.578982 4.552017 13.411170
      vertex -0.576336 4.568199 13.387730
    endloop
  endfacet
  facet normal 0.000000 0.161953 0.986799
    outer loop
      vertex 0.900688 4.582396 13.445100
      vertex -0.516636 4.568199 13.447430
      vertex 0.902834 4.568199 13.447430
    endloop
  endfacet
  facet normal 0.000000 0.161953 0.986799
    outer loop
      vertex 0.900688 4.582396 13.445100
      vertex -0.514490 4.582396 13.445100
      vertex -0.516636 4.568199 13.447430
    endloop
  endfacet
  facet normal 0.000000 0.162213 0.986756
    outer loop
      vertex 0.900688 4.582396 13.445100
      vertex 0.919028 4.598577 13.442440
      vertex -0.532830 4.598577 13.442440
    endloop
  endfacet
  facet normal -0.000000 -0.162213 -0.986756
    outer loop
      vertex 0.900688 4.582396 13.445100
      vertex -0.514490 4.582396 13.445100
      vertex -0.532830 4.598577 13.442440
    endloop
  endfacet
  facet normal -0.999975 0.000000 0.007067
    outer loop
      vertex 5.397486 9.404708 11.964920
      vertex 5.402525 9.542624 12.677910
      vertex 5.402525 9.969355 12.677910
    endloop
  endfacet
  facet normal 0.001758 0.958845 0.283926
    outer loop
      vertex 5.351316 8.982939 16.097740
      vertex 5.349303 9.991593 12.691430
      vertex -4.966795 9.999999 12.726910
    endloop
  endfacet
  facet normal 0.000001 0.629488 0.777010
    outer loop
      vertex 5.351316 8.982939 16.097740
      vertex -4.985336 8.982937 16.097750
      vertex 5.359326 8.967596 16.110170
    endloop
  endfacet
  facet normal -0.000000 -0.957371 -0.288861
    outer loop
      vertex 5.351316 8.982939 16.097740
      vertex -4.985336 8.982937 16.097750
      vertex -4.966795 9.999999 12.726910
    endloop
  endfacet
  facet normal -0.019379 0.993681 -0.110556
    outer loop
      vertex 5.332411 9.903875 10.057630
      vertex -4.971303 9.992934 12.664200
      vertex -4.966795 9.999999 12.726910
    endloop
  endfacet
  facet normal 0.107824 -0.988753 0.103643
    outer loop
      vertex -4.984848 9.992524 12.674380
      vertex -4.971303 9.992934 12.664200
      vertex -4.966795 9.999999 12.726910
    endloop
  endfacet
  facet normal 0.001201 0.000551 -0.999999
    outer loop
      vertex -3.373010 6.900208 16.098540
      vertex -4.985336 8.982937 16.097750
      vertex 5.359326 8.967596 16.110170
    endloop
  endfacet
  facet normal 0.000117 -0.006120 0.999981
    outer loop
      vertex -3.373010 6.900208 16.098540
      vertex 3.733615 6.905469 16.097740
      vertex 5.359326 8.967596 16.110170
    endloop
  endfacet
  facet normal -0.000000 0.185005 -0.982738
    outer loop
      vertex -3.373010 6.900208 16.098540
      vertex 3.728131 6.879758 16.094690
      vertex -3.362151 6.879757 16.094690
    endloop
  endfacet
  facet normal -0.000199 0.117842 -0.993032
    outer loop
      vertex -3.373010 6.900208 16.098540
      vertex 3.733615 6.905469 16.097740
      vertex 3.728131 6.879758 16.094690
    endloop
  endfacet
  facet normal 0.361298 0.354220 -0.862550
    outer loop
      vertex -3.369808 6.882429 16.092580
      vertex -3.373010 6.900208 16.098540
      vertex -3.362151 6.879757 16.094690
    endloop
  endfacet
  facet normal 0.344498 0.936597 -0.064091
    outer loop
      vertex -3.355046 6.647181 12.734120
      vertex -3.369808 6.882429 16.092580
      vertex -3.362151 6.879757 16.094690
    endloop
  endfacet
  facet normal 0.315753 0.946542 0.066021
    outer loop
      vertex -3.362151 6.879756 9.433680
      vertex -3.355046 6.647181 12.734120
      vertex -0.379036 5.696237 12.134690
    endloop
  endfacet
  facet normal -0.112414 0.094586 -0.989149
    outer loop
      vertex 3.738491 6.884597 16.095190
      vertex 3.733615 6.905469 16.097740
      vertex 5.359326 8.967596 16.110170
    endloop
  endfacet
  facet normal 0.007880 -0.119454 0.992808
    outer loop
      vertex 3.738491 6.884597 16.095190
      vertex 3.733615 6.905469 16.097740
      vertex 3.728131 6.879758 16.094690
    endloop
  endfacet
  facet normal 0.998873 -0.047416 0.002112
    outer loop
      vertex 5.394586 9.407402 13.396720
      vertex 5.397486 9.404708 11.964920
      vertex 5.402525 9.542624 12.677910
    endloop
  endfacet
  facet normal 0.998768 -0.049578 0.002116
    outer loop
      vertex 5.394586 9.407402 13.396720
      vertex 5.356946 8.616666 12.635990
      vertex 5.397486 9.404708 11.964920
    endloop
  endfacet
  facet normal -0.998641 0.051924 -0.004561
    outer loop
      vertex 5.394586 9.407402 13.396720
      vertex 5.356946 8.616666 12.635990
      vertex 5.359326 8.967596 16.110170
    endloop
  endfacet
  facet normal -0.113515 -0.952666 -0.282030
    outer loop
      vertex 5.379688 9.981125 12.714560
      vertex 5.351316 8.982939 16.097740
      vertex 5.349303 9.991593 12.691430
    endloop
  endfacet
  facet normal 0.000573 0.999429 -0.033780
    outer loop
      vertex 5.337216 9.992065 12.666940
      vertex 5.332411 9.903875 10.057630
      vertex -4.966795 9.999999 12.726910
    endloop
  endfacet
  facet normal 0.026531 -0.990089 0.137911
    outer loop
      vertex 5.357381 9.881107 9.874324
      vertex -4.971303 9.992934 12.664200
      vertex 5.348172 9.819409 9.433153
    endloop
  endfacet
  facet normal 0.023395 -0.991708 0.126365
    outer loop
      vertex 5.357381 9.881107 9.874324
      vertex 5.332411 9.903875 10.057630
      vertex -4.971303 9.992934 12.664200
    endloop
  endfacet
  facet normal 0.975622 0.213631 -0.050241
    outer loop
      vertex 5.357381 9.881107 9.874324
      vertex 5.358762 9.864663 9.831220
      vertex 5.348172 9.819409 9.433153
    endloop
  endfacet
  facet normal 0.512433 0.857940 -0.036759
    outer loop
      vertex 5.357381 9.881107 9.874324
      vertex 5.332411 9.903875 10.057630
      vertex 5.389577 9.981016 12.654990
    endloop
  endfacet
  facet normal -0.306876 -0.951106 0.035002
    outer loop
      vertex 5.358567 9.992064 12.683320
      vertex 5.332411 9.903875 10.057630
      vertex 5.389577 9.981016 12.654990
    endloop
  endfacet
  facet normal -0.154268 -0.960406 -0.231997
    outer loop
      vertex 5.358567 9.992064 12.683320
      vertex 5.379688 9.981125 12.714560
      vertex 5.349303 9.991593 12.691430
    endloop
  endfacet
  facet normal 0.384911 0.920855 0.062213
    outer loop
      vertex 5.358567 9.992064 12.683320
      vertex 5.379688 9.981125 12.714560
      vertex 5.389577 9.981016 12.654990
    endloop
  endfacet
  facet normal -0.025989 -0.999090 0.033815
    outer loop
      vertex 5.358567 9.992064 12.683320
      vertex 5.337216 9.992065 12.666940
      vertex 5.332411 9.903875 10.057630
    endloop
  endfacet
  facet normal -0.998374 0.056660 0.006224
    outer loop
      vertex 5.357361 8.976350 9.428123
      vertex 5.356946 8.616666 12.635990
      vertex 5.397486 9.404708 11.964920
    endloop
  endfacet
  facet normal 0.199733 0.959276 0.199739
    outer loop
      vertex -0.350205 5.696237 12.105860
      vertex -3.362151 6.879756 9.433680
      vertex -0.379036 5.696237 12.134690
    endloop
  endfacet
  facet normal -0.999907 0.000000 -0.013643
    outer loop
      vertex -4.990213 8.962069 9.433206
      vertex -5.034452 9.538924 12.675510
      vertex -5.034452 9.965655 12.675510
    endloop
  endfacet
  facet normal -0.787481 0.613206 -0.062061
    outer loop
      vertex 5.342925 8.605913 12.744590
      vertex 3.738491 6.884597 16.095190
      vertex 5.359326 8.967596 16.110170
    endloop
  endfacet
  facet normal 0.999941 -0.001539 0.010754
    outer loop
      vertex 5.402525 9.543812 12.678080
      vertex 5.394586 9.407402 13.396720
      vertex 5.402525 9.542624 12.677910
    endloop
  endfacet
  facet normal 0.664984 0.746060 -0.034505
    outer loop
      vertex 5.402525 9.970543 12.678080
      vertex 5.357381 9.881107 9.874324
      vertex 5.389577 9.981016 12.654990
    endloop
  endfacet
  facet normal -0.529002 -0.844224 -0.086273
    outer loop
      vertex 5.402525 9.970543 12.678080
      vertex 5.379688 9.981125 12.714560
      vertex 5.389577 9.981016 12.654990
    endloop
  endfacet
  facet normal -0.990448 -0.136386 0.020298
    outer loop
      vertex 5.402525 9.970543 12.678080
      vertex 5.357381 9.881107 9.874324
      vertex 5.358762 9.864663 9.831220
    endloop
  endfacet
  facet normal -0.999968 -0.001141 0.007970
    outer loop
      vertex 5.402525 9.970543 12.678080
      vertex 5.397486 9.404708 11.964920
      vertex 5.402525 9.969355 12.677910
    endloop
  endfacet
  facet normal 0.671688 0.709005 0.214820
    outer loop
      vertex 5.402525 9.970543 12.678080
      vertex 5.379688 9.981125 12.714560
      vertex 5.351316 8.982939 16.097740
    endloop
  endfacet
  facet normal 0.807629 0.563204 0.174748
    outer loop
      vertex 5.402525 9.970543 12.678080
      vertex 5.351316 8.982939 16.097740
      vertex 5.359326 8.967596 16.110170
    endloop
  endfacet
  facet normal -0.999904 -0.003133 -0.013501
    outer loop
      vertex 5.402525 9.970543 12.678080
      vertex 5.394586 9.407402 13.396720
      vertex 5.359326 8.967596 16.110170
    endloop
  endfacet
  facet normal 0.000759 0.999998 -0.001857
    outer loop
      vertex 5.337230 9.992106 12.689030
      vertex 5.337216 9.992065 12.666940
      vertex -4.966795 9.999999 12.726910
    endloop
  endfacet
  facet normal 0.001471 0.999997 -0.001857
    outer loop
      vertex 5.337230 9.992106 12.689030
      vertex 5.358567 9.992064 12.683320
      vertex 5.337216 9.992065 12.666940
    endloop
  endfacet
  facet normal -0.001492 -0.979417 -0.201844
    outer loop
      vertex 5.337230 9.992106 12.689030
      vertex 5.349303 9.991593 12.691430
      vertex -4.966795 9.999999 12.726910
    endloop
  endfacet
  facet normal -0.025117 -0.995932 -0.086531
    outer loop
      vertex 5.337230 9.992106 12.689030
      vertex 5.358567 9.992064 12.683320
      vertex 5.349303 9.991593 12.691430
    endloop
  endfacet
  facet normal 0.313358 0.947414 -0.064905
    outer loop
      vertex -0.379036 5.696237 13.221290
      vertex -3.355046 6.647181 12.734120
      vertex -3.362151 6.879757 16.094690
    endloop
  endfacet
  facet normal -0.194337 -0.961504 0.194275
    outer loop
      vertex -0.379036 5.696237 13.221290
      vertex -0.350205 5.696237 13.250130
      vertex -3.362151 6.879757 16.094690
    endloop
  endfacet
  facet normal -0.304375 -0.952552 -0.000000
    outer loop
      vertex -0.379036 5.696237 13.221290
      vertex -3.355046 6.647181 12.734120
      vertex -0.379036 5.696237 12.134690
    endloop
  endfacet
  facet normal 0.000000 -0.923274 0.384142
    outer loop
      vertex 0.736402 5.696237 13.250130
      vertex 3.728131 6.879758 16.094690
      vertex -3.362151 6.879757 16.094690
    endloop
  endfacet
  facet normal 0.000000 0.923274 -0.384141
    outer loop
      vertex 0.736402 5.696237 13.250130
      vertex -0.350205 5.696237 13.250130
      vertex -3.362151 6.879757 16.094690
    endloop
  endfacet
  facet normal -0.000001 0.117986 0.993015
    outer loop
      vertex 3.733615 6.905469 9.430633
      vertex -3.362151 6.879756 9.433680
      vertex 3.728131 6.879757 9.433688
    endloop
  endfacet
  facet normal -0.976323 -0.210484 0.049902
    outer loop
      vertex 5.353488 9.795378 9.435798
      vertex 5.358762 9.864663 9.831220
      vertex 5.348172 9.819409 9.433153
    endloop
  endfacet
  facet normal -0.999850 -0.004884 0.016640
    outer loop
      vertex 5.353488 9.795378 9.435798
      vertex 5.357361 8.976350 9.428123
      vertex 5.397486 9.404708 11.964920
    endloop
  endfacet
  facet normal 0.999817 0.010897 -0.015710
    outer loop
      vertex 5.353488 9.795378 9.435798
      vertex 5.402525 9.970543 12.678080
      vertex 5.397486 9.404708 11.964920
    endloop
  endfacet
  facet normal -0.999765 -0.014738 0.015917
    outer loop
      vertex 5.353488 9.795378 9.435798
      vertex 5.402525 9.970543 12.678080
      vertex 5.358762 9.864663 9.831220
    endloop
  endfacet
  facet normal 0.970165 -0.240950 -0.026891
    outer loop
      vertex 5.353488 8.959899 9.435799
      vertex 5.357361 8.976350 9.428123
      vertex 5.356946 8.616666 12.635990
    endloop
  endfacet
  facet normal 0.002771 0.999992 0.002771
    outer loop
      vertex -0.357038 5.696195 12.127850
      vertex -0.350205 5.696237 12.105860
      vertex -0.379036 5.696237 12.134690
    endloop
  endfacet
  facet normal 0.000001 -0.914333 -0.404963
    outer loop
      vertex 0.736402 5.696237 12.105860
      vertex -3.362151 6.879756 9.433680
      vertex 3.728131 6.879757 9.433688
    endloop
  endfacet
  facet normal -0.000000 -0.914334 -0.404962
    outer loop
      vertex 0.736402 5.696237 12.105860
      vertex -0.350205 5.696237 12.105860
      vertex -3.362151 6.879756 9.433680
    endloop
  endfacet
  facet normal 0.002771 -0.999992 -0.002771
    outer loop
      vertex 0.736402 5.696237 12.105860
      vertex 0.765233 5.696237 12.134690
      vertex 0.743236 5.696195 12.127850
    endloop
  endfacet
  facet normal -0.200389 0.959003 0.200395
    outer loop
      vertex 0.736402 5.696237 12.105860
      vertex 0.765233 5.696237 12.134690
      vertex 3.728131 6.879757 9.433688
    endloop
  endfacet
  facet normal 0.997072 0.076465 0.000000
    outer loop
      vertex -4.990213 8.962068 16.095170
      vertex -4.990213 8.962069 9.433206
      vertex -5.034452 9.538924 12.675510
    endloop
  endfacet
  facet normal -0.972962 0.217915 0.076540
    outer loop
      vertex -4.990213 8.962068 16.095170
      vertex -4.985336 8.982937 16.097750
      vertex -5.034452 9.965655 12.675510
    endloop
  endfacet
  facet normal 0.999916 0.000000 -0.012936
    outer loop
      vertex -4.990213 8.962068 16.095170
      vertex -5.034452 9.538924 12.675510
      vertex -5.034452 9.965655 12.675510
    endloop
  endfacet
  facet normal -0.455105 -0.355624 0.816340
    outer loop
      vertex -4.990213 8.962068 16.095170
      vertex -3.369808 6.882429 16.092580
      vertex -3.373010 6.900208 16.098540
    endloop
  endfacet
  facet normal -0.818078 -0.575107 -0.000000
    outer loop
      vertex -3.367633 6.653979 12.715880
      vertex -4.990213 8.962068 16.095170
      vertex -4.990213 8.962069 9.433206
    endloop
  endfacet
  facet normal -0.536711 -0.841865 0.056611
    outer loop
      vertex -3.367633 6.653979 12.715880
      vertex -3.355046 6.647181 12.734120
      vertex -3.369808 6.882429 16.092580
    endloop
  endfacet
  facet normal 0.788128 0.614142 -0.041042
    outer loop
      vertex -3.367633 6.653979 12.715880
      vertex -4.990213 8.962068 16.095170
      vertex -3.369808 6.882429 16.092580
    endloop
  endfacet
  facet normal -0.076972 0.951785 -0.296953
    outer loop
      vertex -4.985336 8.982938 9.430634
      vertex -4.971303 9.992934 12.664200
      vertex 5.348172 9.819409 9.433153
    endloop
  endfacet
  facet normal -0.972752 0.217399 -0.080564
    outer loop
      vertex -4.985336 8.982938 9.430634
      vertex -4.990213 8.962069 9.433206
      vertex -5.034452 9.965655 12.675510
    endloop
  endfacet
  facet normal 0.987498 -0.156902 0.015172
    outer loop
      vertex 5.356353 8.627929 12.791060
      vertex 5.356946 8.616666 12.635990
      vertex 5.359326 8.967596 16.110170
    endloop
  endfacet
  facet normal -0.788688 0.611670 -0.061890
    outer loop
      vertex 5.356353 8.627929 12.791060
      vertex 5.342925 8.605913 12.744590
      vertex 5.359326 8.967596 16.110170
    endloop
  endfacet
  facet normal -0.009067 0.119888 0.992746
    outer loop
      vertex 3.738491 6.884598 9.433198
      vertex 3.733615 6.905469 9.430633
      vertex 3.728131 6.879757 9.433688
    endloop
  endfacet
  facet normal 0.118198 -0.093876 -0.988543
    outer loop
      vertex 3.738491 6.884598 9.433198
      vertex 3.733615 6.905469 9.430633
      vertex 5.357361 8.976350 9.428123
    endloop
  endfacet
  facet normal 0.787481 -0.612733 -0.066569
    outer loop
      vertex 3.738491 6.884598 9.433198
      vertex 5.353488 8.959899 9.435799
      vertex 5.356946 8.616666 12.635990
    endloop
  endfacet
  facet normal 0.778319 -0.625776 0.051216
    outer loop
      vertex 5.342955 8.604631 12.728470
      vertex 5.342925 8.605913 12.744590
      vertex 3.738491 6.884597 16.095190
    endloop
  endfacet
  facet normal -0.771257 0.635063 -0.043105
    outer loop
      vertex 5.342955 8.604631 12.728470
      vertex 3.737712 6.655391 12.732270
      vertex 3.738491 6.884597 16.095190
    endloop
  endfacet
  facet normal 0.771518 -0.635296 0.034045
    outer loop
      vertex 5.342955 8.604631 12.728470
      vertex 3.737712 6.655391 12.732270
      vertex 5.356946 8.616666 12.635990
    endloop
  endfacet
  facet normal -0.807898 0.587543 -0.045764
    outer loop
      vertex 5.342955 8.604631 12.728470
      vertex 5.356353 8.627929 12.791060
      vertex 5.356946 8.616666 12.635990
    endloop
  endfacet
  facet normal 0.803782 -0.592932 0.048651
    outer loop
      vertex 5.342955 8.604631 12.728470
      vertex 5.356353 8.627929 12.791060
      vertex 5.342925 8.605913 12.744590
    endloop
  endfacet
  facet normal 0.419945 -0.905450 0.061697
    outer loop
      vertex 3.724214 6.643226 12.650040
      vertex 3.738491 6.884597 16.095190
      vertex 3.728131 6.879758 16.094690
    endloop
  endfacet
  facet normal 0.436818 -0.897475 0.061068
    outer loop
      vertex 3.724214 6.643226 12.650040
      vertex 3.737712 6.655391 12.732270
      vertex 3.738491 6.884597 16.095190
    endloop
  endfacet
  facet normal 0.314995 -0.946565 -0.069227
    outer loop
      vertex 3.724214 6.643226 12.650040
      vertex 0.765233 5.696237 12.134690
      vertex 3.728131 6.879757 9.433688
    endloop
  endfacet
  facet normal -0.419850 0.905187 0.066056
    outer loop
      vertex 3.724214 6.643226 12.650040
      vertex 3.738491 6.884598 9.433198
      vertex 3.728131 6.879757 9.433688
    endloop
  endfacet
  facet normal -0.769973 0.637268 0.032114
    outer loop
      vertex 3.724214 6.643226 12.650040
      vertex 3.737712 6.655391 12.732270
      vertex 5.356946 8.616666 12.635990
    endloop
  endfacet
  facet normal 0.769568 -0.637021 -0.044383
    outer loop
      vertex 3.724214 6.643226 12.650040
      vertex 3.738491 6.884598 9.433198
      vertex 5.356946 8.616666 12.635990
    endloop
  endfacet
  facet normal 0.002770 0.999992 -0.002770
    outer loop
      vertex -0.357038 5.696195 13.228130
      vertex -0.379036 5.696237 13.221290
      vertex -0.350205 5.696237 13.250130
    endloop
  endfacet
  facet normal -0.011347 -0.008405 0.999900
    outer loop
      vertex -4.979828 8.956466 16.097590
      vertex -3.373010 6.900208 16.098540
      vertex -4.985336 8.982937 16.097750
    endloop
  endfacet
  facet normal 0.256757 0.059256 -0.964658
    outer loop
      vertex -4.979828 8.956466 16.097590
      vertex -4.990213 8.962068 16.095170
      vertex -4.985336 8.982937 16.097750
    endloop
  endfacet
  facet normal -0.358416 -0.279665 0.890688
    outer loop
      vertex -4.979828 8.956466 16.097590
      vertex -4.990213 8.962068 16.095170
      vertex -3.373010 6.900208 16.098540
    endloop
  endfacet
  facet normal -0.341339 -0.267082 -0.901196
    outer loop
      vertex -3.369808 6.882429 9.435788
      vertex -4.990213 8.962069 9.433206
      vertex -3.362151 6.879756 9.433680
    endloop
  endfacet
  facet normal -0.788088 -0.614111 -0.042249
    outer loop
      vertex -3.369808 6.882429 9.435788
      vertex -3.367633 6.653979 12.715880
      vertex -4.990213 8.962069 9.433206
    endloop
  endfacet
  facet normal -0.344848 -0.936389 -0.065243
    outer loop
      vertex -3.369808 6.882429 9.435788
      vertex -3.362151 6.879756 9.433680
      vertex -3.355046 6.647181 12.734120
    endloop
  endfacet
  facet normal 0.401605 0.913618 0.063365
    outer loop
      vertex -3.369808 6.882429 9.435788
      vertex -3.367633 6.653979 12.715880
      vertex -3.355046 6.647181 12.734120
    endloop
  endfacet
  facet normal -0.006719 0.086011 -0.996272
    outer loop
      vertex 5.345807 9.791946 9.430798
      vertex -4.985336 8.982938 9.430634
      vertex 5.348172 9.819409 9.433153
    endloop
  endfacet
  facet normal 0.000241 -0.003276 0.999995
    outer loop
      vertex 5.345807 9.791946 9.430798
      vertex -4.985336 8.982938 9.430634
      vertex 5.357361 8.976350 9.428123
    endloop
  endfacet
  facet normal -0.537170 -0.026036 0.843072
    outer loop
      vertex 5.345807 9.791946 9.430798
      vertex 5.353488 9.795378 9.435798
      vertex 5.348172 9.819409 9.433153
    endloop
  endfacet
  facet normal 0.542243 0.010437 -0.840157
    outer loop
      vertex 5.345807 9.791946 9.430798
      vertex 5.353488 9.795378 9.435798
      vertex 5.357361 8.976350 9.428123
    endloop
  endfacet
  facet normal 0.144352 0.113085 0.983043
    outer loop
      vertex -3.370467 6.903315 9.432191
      vertex -4.990213 8.962069 9.433206
      vertex -3.362151 6.879756 9.433680
    endloop
  endfacet
  facet normal 0.119845 0.093802 0.988351
    outer loop
      vertex -3.370467 6.903315 9.432191
      vertex -4.985336 8.982938 9.430634
      vertex -4.990213 8.962069 9.433206
    endloop
  endfacet
  facet normal -0.000200 -0.063147 -0.998004
    outer loop
      vertex -3.370467 6.903315 9.432191
      vertex 3.733615 6.905469 9.430633
      vertex -3.362151 6.879756 9.433680
    endloop
  endfacet
  facet normal 0.000219 0.001040 0.999999
    outer loop
      vertex -3.370467 6.903315 9.432191
      vertex 3.733615 6.905469 9.430633
      vertex 5.357361 8.976350 9.428123
    endloop
  endfacet
  facet normal -0.000243 -0.000938 -1.000000
    outer loop
      vertex -3.370467 6.903315 9.432191
      vertex -4.985336 8.982938 9.430634
      vertex 5.357361 8.976350 9.428123
    endloop
  endfacet
  facet normal -0.195906 0.955118 -0.222196
    outer loop
      vertex -5.019564 9.984845 12.671980
      vertex -4.984848 9.992524 12.674380
      vertex -4.971303 9.992934 12.664200
    endloop
  endfacet
  facet normal 0.203604 -0.934779 0.291092
    outer loop
      vertex -5.019564 9.984845 12.671980
      vertex -4.985336 8.982938 9.430634
      vertex -4.971303 9.992934 12.664200
    endloop
  endfacet
  facet normal -0.792478 0.580287 -0.187736
    outer loop
      vertex -5.019564 9.984845 12.671980
      vertex -4.985336 8.982938 9.430634
      vertex -5.034452 9.965655 12.675510
    endloop
  endfacet
  facet normal 0.211134 -0.975212 0.066212
    outer loop
      vertex -5.019564 9.984845 12.671980
      vertex -4.984848 9.992524 12.674380
      vertex -4.966795 9.999999 12.726910
    endloop
  endfacet
  facet normal 0.758500 -0.623392 -0.189897
    outer loop
      vertex -5.019564 9.984845 12.671980
      vertex -4.985336 8.982937 16.097750
      vertex -5.034452 9.965655 12.675510
    endloop
  endfacet
  facet normal -0.497079 0.831468 0.248139
    outer loop
      vertex -5.019564 9.984845 12.671980
      vertex -4.985336 8.982937 16.097750
      vertex -4.966795 9.999999 12.726910
    endloop
  endfacet
  facet normal -0.620179 0.446847 0.644753
    outer loop
      vertex 5.345807 8.956466 9.430790
      vertex 5.353488 8.959899 9.435799
      vertex 5.357361 8.976350 9.428123
    endloop
  endfacet
  facet normal 0.516477 -0.401552 -0.756312
    outer loop
      vertex 5.345807 8.956466 9.430790
      vertex 3.738491 6.884598 9.433198
      vertex 5.357361 8.976350 9.428123
    endloop
  endfacet
  facet normal -0.619514 0.481328 0.620101
    outer loop
      vertex 5.345807 8.956466 9.430790
      vertex 3.738491 6.884598 9.433198
      vertex 5.353488 8.959899 9.435799
    endloop
  endfacet
  facet normal -0.304809 0.952413 0.000000
    outer loop
      vertex 0.765233 5.696237 13.221290
      vertex 3.724214 6.643226 12.650040
      vertex 0.765233 5.696237 12.134690
    endloop
  endfacet
  facet normal -0.194959 0.961252 -0.194898
    outer loop
      vertex 0.765233 5.696237 13.221290
      vertex 0.736402 5.696237 13.250130
      vertex 3.728131 6.879758 16.094690
    endloop
  endfacet
  facet normal 0.315472 -0.946730 0.064650
    outer loop
      vertex 0.765233 5.696237 13.221290
      vertex 3.724214 6.643226 12.650040
      vertex 3.728131 6.879758 16.094690
    endloop
  endfacet
  facet normal 0.002770 -0.999992 0.002770
    outer loop
      vertex 0.743236 5.696195 13.228130
      vertex 0.765233 5.696237 13.221290
      vertex 0.736402 5.696237 13.250130
    endloop
  endfacet
  facet normal 1.000000 0.000000 0.000000
    outer loop
      vertex 5.402525 9.970543 12.678080
      vertex 5.402525 9.543812 12.678080
      vertex 5.402525 9.542624 12.677910
    endloop
  endfacet
  facet normal 1.000000 0.000000 0.000000
    outer loop
      vertex 5.402525 9.970543 12.678080
      vertex 5.402525 9.542624 12.677910
      vertex 5.402525 9.969355 12.677910
    endloop
  endfacet
  facet normal -0.999939 -0.000000 -0.011047
    outer loop
      vertex 5.402525 9.970543 12.678080
      vertex 5.402525 9.543812 12.678080
      vertex 5.394586 9.407402 13.396720
    endloop
  endfacet
  facet normal 0.000000 0.999998 0.001910
    outer loop
      vertex 0.736402 5.696237 12.105860
      vertex -0.357038 5.696195 12.127850
      vertex 0.743236 5.696195 12.127850
    endloop
  endfacet
  facet normal -0.000000 -0.999998 -0.001910
    outer loop
      vertex 0.736402 5.696237 12.105860
      vertex -0.357038 5.696195 12.127850
      vertex -0.350205 5.696237 12.105860
    endloop
  endfacet
  facet normal 0.001909 0.999998 0.000000
    outer loop
      vertex -0.357038 5.696195 13.228130
      vertex -0.357038 5.696195 12.127850
      vertex -0.379036 5.696237 12.134690
    endloop
  endfacet
  facet normal -0.001909 -0.999998 0.000000
    outer loop
      vertex -0.357038 5.696195 13.228130
      vertex -0.379036 5.696237 13.221290
      vertex -0.379036 5.696237 12.134690
    endloop
  endfacet
  facet normal 0.000000 -1.000000 -0.000000
    outer loop
      vertex 0.743236 5.696195 13.228130
      vertex -0.357038 5.696195 12.127850
      vertex 0.743236 5.696195 12.127850
    endloop
  endfacet
  facet normal -0.000000 -1.000000 0.000000
    outer loop
      vertex 0.743236 5.696195 13.228130
      vertex -0.357038 5.696195 13.228130
      vertex -0.357038 5.696195 12.127850
    endloop
  endfacet
  facet normal 0.000000 -0.999998 0.001909
    outer loop
      vertex 0.743236 5.696195 13.228130
      vertex 0.736402 5.696237 13.250130
      vertex -0.350205 5.696237 13.250130
    endloop
  endfacet
  facet normal 0.000000 0.999998 -0.001909
    outer loop
      vertex 0.743236 5.696195 13.228130
      vertex -0.357038 5.696195 13.228130
      vertex -0.350205 5.696237 13.250130
    endloop
  endfacet
  facet normal -0.001909 0.999998 0.000000
    outer loop
      vertex 0.743236 5.696195 13.228130
      vertex 0.765233 5.696237 12.134690
      vertex 0.743236 5.696195 12.127850
    endloop
  endfacet
  facet normal -0.001909 0.999998 0.000000
    outer loop
      vertex 0.743236 5.696195 13.228130
      vertex 0.765233 5.696237 13.221290
      vertex 0.765233 5.696237 12.134690
    endloop
  endfacet
  facet normal -0.623083 0.725266 0.292843
    outer loop
      vertex -3.364923 12.442550 12.707760
      vertex -3.373010 11.066500 16.098530
      vertex -1.118228 14.383220 12.681730
    endloop
  endfacet
  facet normal 0.770185 -0.591645 -0.238266
    outer loop
      vertex -4.963455 10.361630 12.707760
      vertex -3.364923 12.442550 12.707760
      vertex -3.373010 11.066500 16.098530
    endloop
  endfacet
  facet normal 0.000116 -0.006446 0.999979
    outer loop
      vertex 3.728107 11.045290 16.097570
      vertex 3.733615 11.071760 16.097740
      vertex -3.373010 11.066500 16.098530
    endloop
  endfacet
  facet normal -0.005154 0.217938 -0.975949
    outer loop
      vertex 3.728107 11.045290 16.097570
      vertex 5.345850 9.028181 15.638590
      vertex -4.966644 9.034600 15.694480
    endloop
  endfacet
  facet normal 0.213572 -0.050707 0.975610
    outer loop
      vertex 3.728107 11.045290 16.097570
      vertex 5.345850 9.028181 15.638590
      vertex 3.733615 11.071760 16.097740
    endloop
  endfacet
  facet normal -0.652141 0.755773 0.059333
    outer loop
      vertex -3.367984 12.442070 12.680230
      vertex -3.364923 12.442550 12.707760
      vertex -1.118228 14.383220 12.681730
    endloop
  endfacet
  facet normal 0.000055 -0.658444 0.752630
    outer loop
      vertex -0.160569 14.382460 12.327310
      vertex -3.368174 11.071410 9.430851
      vertex 3.733615 11.071760 9.430634
    endloop
  endfacet
  facet normal 0.000279 -0.506878 -0.862018
    outer loop
      vertex -3.364482 11.072610 16.094940
      vertex 3.733615 11.071760 16.097740
      vertex -3.373010 11.066500 16.098530
    endloop
  endfacet
  facet normal 0.000208 -0.679707 -0.733484
    outer loop
      vertex -3.364482 11.072610 16.094940
      vertex -0.160569 14.382460 13.028670
      vertex 3.733615 11.071760 16.097740
    endloop
  endfacet
  facet normal 0.331123 -0.776854 -0.535588
    outer loop
      vertex -3.364482 11.072610 16.094940
      vertex -3.373010 11.066500 16.098530
      vertex -1.118228 14.383220 12.681730
    endloop
  endfacet
  facet normal -0.217497 0.768272 0.602041
    outer loop
      vertex -3.364482 11.072610 16.094940
      vertex -0.160569 14.382460 13.028670
      vertex -1.118228 14.383220 12.681730
    endloop
  endfacet
  facet normal 0.000000 0.679838 0.733362
    outer loop
      vertex 0.546767 14.382460 13.028670
      vertex -0.160569 14.382460 13.028670
      vertex 3.733615 11.071760 16.097740
    endloop
  endfacet
  facet normal 0.116912 0.104695 -0.987609
    outer loop
      vertex -3.362126 11.045290 16.097570
      vertex -4.966644 9.034600 15.694480
      vertex -3.373010 11.066500 16.098530
    endloop
  endfacet
  facet normal 0.000000 -0.045215 0.998977
    outer loop
      vertex -3.362126 11.045290 16.097570
      vertex 3.728107 11.045290 16.097570
      vertex -3.373010 11.066500 16.098530
    endloop
  endfacet
  facet normal 0.000000 0.196562 -0.980491
    outer loop
      vertex -3.362126 11.045290 16.097570
      vertex 3.728107 11.045290 16.097570
      vertex -4.966644 9.034600 15.694480
    endloop
  endfacet
  facet normal -0.622389 -0.724506 -0.296179
    outer loop
      vertex 1.504426 14.383220 12.681730
      vertex 3.751120 12.442550 12.707760
      vertex 3.733615 11.071760 16.097740
    endloop
  endfacet
  facet normal 0.217633 0.767940 0.602415
    outer loop
      vertex 1.504426 14.383220 12.681730
      vertex 0.546767 14.382460 13.028670
      vertex 3.733615 11.071760 16.097740
    endloop
  endfacet
  facet normal 0.999905 0.000000 -0.013782
    outer loop
      vertex -4.993119 9.037237 15.674350
      vertex -5.034452 9.538924 12.675510
      vertex -5.034452 10.179020 12.675510
    endloop
  endfacet
  facet normal -0.561712 0.286194 0.776255
    outer loop
      vertex -4.993119 9.037237 15.674350
      vertex -4.966644 9.034600 15.694480
      vertex -3.373010 11.066500 16.098530
    endloop
  endfacet
  facet normal 0.781721 -0.572330 -0.247692
    outer loop
      vertex -4.993119 9.037237 15.674350
      vertex -4.963455 10.361630 12.707760
      vertex -3.373010 11.066500 16.098530
    endloop
  endfacet
  facet normal 0.951467 -0.283021 -0.120872
    outer loop
      vertex -4.988167 10.333230 12.678770
      vertex -4.993119 9.037237 15.674350
      vertex -5.034452 10.179020 12.675510
    endloop
  endfacet
  facet normal -0.835273 0.505135 0.217158
    outer loop
      vertex -4.988167 10.333230 12.678770
      vertex -4.993119 9.037237 15.674350
      vertex -4.963455 10.361630 12.707760
    endloop
  endfacet
  facet normal -0.000571 -0.999955 0.009482
    outer loop
      vertex 5.331308 9.005070 13.200530
      vertex 5.345850 9.028181 15.638590
      vertex -4.966644 9.034600 15.694480
    endloop
  endfacet
  facet normal -0.996543 -0.083083 -0.000164
    outer loop
      vertex -4.992911 9.046141 9.896258
      vertex -4.993119 9.037237 15.674350
      vertex -5.034452 9.538924 12.675510
    endloop
  endfacet
  facet normal 0.097956 0.995190 0.001537
    outer loop
      vertex -4.992911 9.046141 9.896258
      vertex -4.993119 9.037237 15.674350
      vertex -4.966644 9.034600 15.694480
    endloop
  endfacet
  facet normal -0.999888 0.000000 -0.014945
    outer loop
      vertex -4.992911 9.046141 9.896258
      vertex -5.034452 9.538924 12.675510
      vertex -5.034452 10.179020 12.675510
    endloop
  endfacet
  facet normal 0.948718 -0.287528 0.131383
    outer loop
      vertex -4.992911 9.046141 9.896258
      vertex -4.988167 10.333230 12.678770
      vertex -5.034452 10.179020 12.675510
    endloop
  endfacet
  facet normal -0.781384 0.566898 -0.260894
    outer loop
      vertex -4.992911 9.046141 9.896258
      vertex -4.988167 10.333230 12.678770
      vertex -3.368174 11.071410 9.430851
    endloop
  endfacet
  facet normal 0.011054 0.414651 0.909913
    outer loop
      vertex 5.345807 9.791946 9.430798
      vertex -4.992911 9.046141 9.896258
      vertex 5.332684 9.025663 9.780156
    endloop
  endfacet
  facet normal 0.769269 0.590941 0.242928
    outer loop
      vertex 5.349652 10.361630 12.707760
      vertex 3.751120 12.442550 12.707760
      vertex 3.733615 11.071760 16.097740
    endloop
  endfacet
  facet normal -0.785977 -0.562363 -0.256880
    outer loop
      vertex 5.349652 10.361630 12.707760
      vertex 5.345850 9.028181 15.638590
      vertex 3.733615 11.071760 16.097740
    endloop
  endfacet
  facet normal 0.004668 0.999880 -0.014758
    outer loop
      vertex 0.546767 14.382460 12.327310
      vertex 1.504426 14.383220 12.681730
      vertex 1.505279 14.382820 12.654900
    endloop
  endfacet
  facet normal 0.213120 0.751465 -0.624404
    outer loop
      vertex 0.546767 14.382460 12.327310
      vertex 1.505279 14.382820 12.654900
      vertex 3.733615 11.071760 9.430634
    endloop
  endfacet
  facet normal 0.000000 -0.658481 0.752598
    outer loop
      vertex 0.546767 14.382460 12.327310
      vertex -0.160569 14.382460 12.327310
      vertex 3.733615 11.071760 9.430634
    endloop
  endfacet
  facet normal -0.212925 0.751993 -0.623834
    outer loop
      vertex -1.119082 14.382820 12.654900
      vertex -0.160569 14.382460 12.327310
      vertex -3.368174 11.071410 9.430851
    endloop
  endfacet
  facet normal 0.624468 -0.719659 0.303532
    outer loop
      vertex -1.119082 14.382820 12.654900
      vertex -3.367984 12.442070 12.680230
      vertex -3.368174 11.071410 9.430851
    endloop
  endfacet
  facet normal 0.004668 -0.999880 0.014758
    outer loop
      vertex -1.119082 14.382820 12.654900
      vertex -0.160569 14.382460 12.327310
      vertex -1.118228 14.383220 12.681730
    endloop
  endfacet
  facet normal -0.653243 0.757089 0.009506
    outer loop
      vertex -1.119082 14.382820 12.654900
      vertex -3.367984 12.442070 12.680230
      vertex -1.118228 14.383220 12.681730
    endloop
  endfacet
  facet normal -0.767778 0.590360 -0.248982
    outer loop
      vertex -4.968046 10.361150 12.680230
      vertex -3.367984 12.442070 12.680230
      vertex -3.368174 11.071410 9.430851
    endloop
  endfacet
  facet normal 0.777508 -0.573784 0.257396
    outer loop
      vertex -4.968046 10.361150 12.680230
      vertex -4.988167 10.333230 12.678770
      vertex -3.368174 11.071410 9.430851
    endloop
  endfacet
  facet normal 0.790372 -0.607733 -0.077284
    outer loop
      vertex -4.968046 10.361150 12.680230
      vertex -3.367984 12.442070 12.680230
      vertex -3.364923 12.442550 12.707760
    endloop
  endfacet
  facet normal -0.787223 0.604733 0.120736
    outer loop
      vertex -4.968046 10.361150 12.680230
      vertex -4.963455 10.361630 12.707760
      vertex -3.364923 12.442550 12.707760
    endloop
  endfacet
  facet normal -0.808026 0.575796 0.124710
    outer loop
      vertex -4.968046 10.361150 12.680230
      vertex -4.988167 10.333230 12.678770
      vertex -4.963455 10.361630 12.707760
    endloop
  endfacet
  facet normal 0.001294 0.999981 0.006021
    outer loop
      vertex -1.750044 9.014242 13.199550
      vertex 5.331308 9.005070 13.200530
      vertex 5.332684 9.025663 9.780156
    endloop
  endfacet
  facet normal -0.002069 -0.999969 -0.007625
    outer loop
      vertex -1.750044 9.014242 13.199550
      vertex -4.992911 9.046141 9.896258
      vertex 5.332684 9.025663 9.780156
    endloop
  endfacet
  facet normal -0.001296 -0.999978 0.006489
    outer loop
      vertex -1.750044 9.014242 13.199550
      vertex 5.331308 9.005070 13.200530
      vertex -4.966644 9.034600 15.694480
    endloop
  endfacet
  facet normal 0.007845 0.999967 0.001955
    outer loop
      vertex -1.750044 9.014242 13.199550
      vertex -4.992911 9.046141 9.896258
      vertex -4.966644 9.034600 15.694480
    endloop
  endfacet
  facet normal -0.000031 0.001831 -0.999998
    outer loop
      vertex -3.362126 11.045290 9.430803
      vertex -3.368174 11.071410 9.430851
      vertex 3.733615 11.071760 9.430634
    endloop
  endfacet
  facet normal 0.000023 0.000157 1.000000
    outer loop
      vertex -3.362126 11.045290 9.430803
      vertex 5.345807 9.791946 9.430798
      vertex 3.733615 11.071760 9.430634
    endloop
  endfacet
  facet normal -0.218387 -0.048776 -0.974643
    outer loop
      vertex -3.362126 11.045290 9.430803
      vertex -4.992911 9.046141 9.896258
      vertex -3.368174 11.071410 9.430851
    endloop
  endfacet
  facet normal -0.029347 -0.203893 -0.978553
    outer loop
      vertex -3.362126 11.045290 9.430803
      vertex 5.345807 9.791946 9.430798
      vertex -4.992911 9.046141 9.896258
    endloop
  endfacet
  facet normal -0.762536 0.646943 -0.001584
    outer loop
      vertex 5.358762 9.029178 9.831184
      vertex 5.331308 9.005070 13.200530
      vertex 5.345850 9.028181 15.638590
    endloop
  endfacet
  facet normal 0.144905 -0.989428 -0.005899
    outer loop
      vertex 5.358762 9.029178 9.831184
      vertex 5.331308 9.005070 13.200530
      vertex 5.332684 9.025663 9.780156
    endloop
  endfacet
  facet normal -0.999964 -0.001196 0.008372
    outer loop
      vertex 5.402525 10.183910 12.678080
      vertex 5.397486 9.404708 11.964920
      vertex 5.402525 10.182720 12.677910
    endloop
  endfacet
  facet normal -0.999650 -0.011727 -0.023715
    outer loop
      vertex 5.402525 10.183910 12.678080
      vertex 5.394586 9.407402 13.396720
      vertex 5.345850 9.028181 15.638590
    endloop
  endfacet
  facet normal 0.846451 0.484247 0.221417
    outer loop
      vertex 5.358245 10.349600 12.701220
      vertex 5.349652 10.361630 12.707760
      vertex 5.345850 9.028181 15.638590
    endloop
  endfacet
  facet normal -0.963743 -0.241797 -0.112843
    outer loop
      vertex 5.358245 10.349600 12.701220
      vertex 5.402525 10.183910 12.678080
      vertex 5.345850 9.028181 15.638590
    endloop
  endfacet
  facet normal 0.964575 0.262040 -0.030508
    outer loop
      vertex 5.358245 10.349600 12.701220
      vertex 5.402525 10.183910 12.678080
      vertex 5.361940 10.333230 12.677440
    endloop
  endfacet
  facet normal 0.999975 0.000000 -0.007067
    outer loop
      vertex 5.402525 9.542624 12.677910
      vertex 5.397486 9.404708 11.964920
      vertex 5.402525 10.182720 12.677910
    endloop
  endfacet
  facet normal 0.998873 -0.047416 0.002112
    outer loop
      vertex 5.402525 9.542624 12.677910
      vertex 5.394586 9.407402 13.396720
      vertex 5.397486 9.404708 11.964920
    endloop
  endfacet
  facet normal -0.982682 0.185286 -0.002153
    outer loop
      vertex 5.358464 9.054376 12.135660
      vertex 5.358762 9.029178 9.831184
      vertex 5.345850 9.028181 15.638590
    endloop
  endfacet
  facet normal 0.993924 -0.110060 0.001332
    outer loop
      vertex 5.358464 9.054376 12.135660
      vertex 5.358762 9.029178 9.831184
      vertex 5.397486 9.404708 11.964920
    endloop
  endfacet
  facet normal 0.993762 -0.111488 0.002745
    outer loop
      vertex 5.358464 9.054376 12.135660
      vertex 5.394586 9.407402 13.396720
      vertex 5.345850 9.028181 15.638590
    endloop
  endfacet
  facet normal -0.993970 0.109632 -0.002219
    outer loop
      vertex 5.358464 9.054376 12.135660
      vertex 5.394586 9.407402 13.396720
      vertex 5.397486 9.404708 11.964920
    endloop
  endfacet
  facet normal 0.063479 0.079838 -0.994785
    outer loop
      vertex 5.348172 9.819409 9.433153
      vertex 5.345807 9.791946 9.430798
      vertex 3.733615 11.071760 9.430634
    endloop
  endfacet
  facet normal -0.571885 -0.736559 0.361149
    outer loop
      vertex 5.348172 9.819409 9.433153
      vertex 1.505279 14.382820 12.654900
      vertex 3.733615 11.071760 9.430634
    endloop
  endfacet
  facet normal 0.999939 -0.000000 0.011047
    outer loop
      vertex 5.402525 9.543812 12.678080
      vertex 5.402525 10.183910 12.678080
      vertex 5.394586 9.407402 13.396720
    endloop
  endfacet
  facet normal -0.999941 0.001539 -0.010754
    outer loop
      vertex 5.402525 9.543812 12.678080
      vertex 5.402525 9.542624 12.677910
      vertex 5.394586 9.407402 13.396720
    endloop
  endfacet
  facet normal -0.787221 -0.604731 -0.120764
    outer loop
      vertex 5.354244 10.361150 12.680230
      vertex 5.349652 10.361630 12.707760
      vertex 3.751120 12.442550 12.707760
    endloop
  endfacet
  facet normal -0.838987 -0.528214 -0.130733
    outer loop
      vertex 5.354244 10.361150 12.680230
      vertex 5.358245 10.349600 12.701220
      vertex 5.349652 10.361630 12.707760
    endloop
  endfacet
  facet normal 0.962523 0.268864 -0.035525
    outer loop
      vertex 5.354244 10.361150 12.680230
      vertex 5.358245 10.349600 12.701220
      vertex 5.361940 10.333230 12.677440
    endloop
  endfacet
  facet normal 0.999836 0.008283 -0.016114
    outer loop
      vertex 5.353488 9.795378 9.435798
      vertex 5.402525 10.183910 12.678080
      vertex 5.397486 9.404708 11.964920
    endloop
  endfacet
  facet normal -0.999840 0.002275 0.017745
    outer loop
      vertex 5.353488 9.795378 9.435798
      vertex 5.358762 9.029178 9.831184
      vertex 5.397486 9.404708 11.964920
    endloop
  endfacet
  facet normal -0.537170 -0.026036 0.843072
    outer loop
      vertex 5.353488 9.795378 9.435798
      vertex 5.348172 9.819409 9.433153
      vertex 5.345807 9.791946 9.430798
    endloop
  endfacet
  facet normal -0.614668 0.335906 0.713688
    outer loop
      vertex 5.353488 9.795378 9.435798
      vertex 5.345807 9.791946 9.430798
      vertex 5.332684 9.025663 9.780156
    endloop
  endfacet
  facet normal 0.875202 -0.217069 -0.432322
    outer loop
      vertex 5.353488 9.795378 9.435798
      vertex 5.358762 9.029178 9.831184
      vertex 5.332684 9.025663 9.780156
    endloop
  endfacet
  facet normal -0.790372 -0.607733 -0.077284
    outer loop
      vertex 3.754181 12.442070 12.680230
      vertex 5.354244 10.361150 12.680230
      vertex 3.751120 12.442550 12.707760
    endloop
  endfacet
  facet normal 0.788556 0.606337 -0.102636
    outer loop
      vertex 3.754181 12.442070 12.680230
      vertex 5.354244 10.361150 12.680230
      vertex 5.348172 9.819409 9.433153
    endloop
  endfacet
  facet normal 0.629512 0.725847 -0.277238
    outer loop
      vertex 3.754181 12.442070 12.680230
      vertex 5.348172 9.819409 9.433153
      vertex 1.505279 14.382820 12.654900
    endloop
  endfacet
  facet normal -0.653243 -0.757089 -0.009481
    outer loop
      vertex 3.754181 12.442070 12.680230
      vertex 1.504426 14.383220 12.681730
      vertex 1.505279 14.382820 12.654900
    endloop
  endfacet
  facet normal 0.652141 0.755773 0.059333
    outer loop
      vertex 3.754181 12.442070 12.680230
      vertex 1.504426 14.383220 12.681730
      vertex 3.751120 12.442550 12.707760
    endloop
  endfacet
  facet normal 0.961905 0.269646 -0.045057
    outer loop
      vertex 5.357381 9.881107 9.874324
      vertex 5.354244 10.361150 12.680230
      vertex 5.361940 10.333230 12.677440
    endloop
  endfacet
  facet normal -0.813774 -0.573009 0.097122
    outer loop
      vertex 5.357381 9.881107 9.874324
      vertex 5.354244 10.361150 12.680230
      vertex 5.348172 9.819409 9.433153
    endloop
  endfacet
  facet normal -0.964112 -0.261857 0.043804
    outer loop
      vertex 5.357381 9.881107 9.874324
      vertex 5.402525 10.183910 12.678080
      vertex 5.361940 10.333230 12.677440
    endloop
  endfacet
  facet normal 0.976323 0.210484 -0.049902
    outer loop
      vertex 5.358762 9.864663 9.831220
      vertex 5.353488 9.795378 9.435798
      vertex 5.348172 9.819409 9.433153
    endloop
  endfacet
  facet normal -0.975622 -0.213631 0.050241
    outer loop
      vertex 5.358762 9.864663 9.831220
      vertex 5.357381 9.881107 9.874324
      vertex 5.348172 9.819409 9.433153
    endloop
  endfacet
  facet normal -0.999300 -0.032235 0.018976
    outer loop
      vertex 5.358762 9.864663 9.831220
      vertex 5.353488 9.795378 9.435798
      vertex 5.402525 10.183910 12.678080
    endloop
  endfacet
  facet normal 0.984272 0.173248 -0.034559
    outer loop
      vertex 5.358762 9.864663 9.831220
      vertex 5.357381 9.881107 9.874324
      vertex 5.402525 10.183910 12.678080
    endloop
  endfacet
  facet normal 0.000000 -0.999998 -0.002191
    outer loop
      vertex 1.504426 14.383220 12.681730
      vertex 0.546767 14.382460 13.028670
      vertex -0.160569 14.382460 13.028670
    endloop
  endfacet
  facet normal -0.000000 -0.999998 -0.002191
    outer loop
      vertex 1.504426 14.383220 12.681730
      vertex -0.160569 14.382460 13.028670
      vertex -1.118228 14.383220 12.681730
    endloop
  endfacet
  facet normal 0.000000 -0.999998 0.002144
    outer loop
      vertex 0.546767 14.382460 12.327310
      vertex 1.504426 14.383220 12.681730
      vertex -1.118228 14.383220 12.681730
    endloop
  endfacet
  facet normal 0.000000 0.999998 -0.002144
    outer loop
      vertex 0.546767 14.382460 12.327310
      vertex -0.160569 14.382460 12.327310
      vertex -1.118228 14.383220 12.681730
    endloop
  endfacet
  facet normal 1.000000 0.000000 0.000000
    outer loop
      vertex 5.402525 9.543812 12.678080
      vertex 5.402525 9.542624 12.677910
      vertex 5.402525 10.182720 12.677910
    endloop
  endfacet
  facet normal -1.000000 0.000000 0.000000
    outer loop
      vertex 5.402525 9.543812 12.678080
      vertex 5.402525 10.183910 12.678080
      vertex 5.402525 10.182720 12.677910
    endloop
  endfacet
endsolid tower_collision
